run_id	config_name	status	strict_pairs_only_candidate	boundary_reasons	model_top1_accuracy_genome_trans	model_top1_accuracy_genome_cis	model_top1_accuracy_genome_all	model_same_cross_accuracy_genome_trans	mean_per_chrom_cis_distance_spearman	input_contact_source	sample	uses_phase_labels	uses_charm_or_reference	uses_charm_for_training	readgroup_mode	fixed_posterior	manifest_path	summary_path
016-20260618_150851-p9016_charm_contacts_condition_sweep_1m	p9016_charm3dg20k_1pr_pcgamma1_common_ieps1_noise0p05	OK	0	input_contact_source=charm3dg_derived_pairs;uses_charm_or_reference=1;uses_charm_for_training=1	0.455277	0.63827	0.616042	0.56259	0.77942	charm3dg_derived_pairs	P9016	0	1	1	NA	NA	/mnt/ssd/zliu/phase3/test_res/016-20260618_150851-p9016_charm_contacts_condition_sweep_1m/outputs/1pr/p9016_charm3dg20k_1pr_pcgamma1_common_ieps1_noise0p05/p9016_full.manifest.tsv	/mnt/ssd/zliu/phase3/test_res/016-20260618_150851-p9016_charm_contacts_condition_sweep_1m/summary.tsv
016-20260618_150851-p9016_charm_contacts_condition_sweep_1m	p9016_charm3dg20k_1pr_expected_common_msep1p5_lsep0p5	OK	0	input_contact_source=charm3dg_derived_pairs;uses_charm_or_reference=1;uses_charm_for_training=1	0.455087	0.638008	0.615788	0.575298	0.779509	charm3dg_derived_pairs	P9016	0	1	1	NA	NA	/mnt/ssd/zliu/phase3/test_res/016-20260618_150851-p9016_charm_contacts_condition_sweep_1m/outputs/1pr/p9016_charm3dg20k_1pr_expected_common_msep1p5_lsep0p5/p9016_full.manifest.tsv	/mnt/ssd/zliu/phase3/test_res/016-20260618_150851-p9016_charm_contacts_condition_sweep_1m/summary.tsv
016-20260618_150851-p9016_charm_contacts_condition_sweep_1m	p9016_charm3dg20k_1pr_pcgamma1_common_msep1p5_lsep1	OK	0	input_contact_source=charm3dg_derived_pairs;uses_charm_or_reference=1;uses_charm_for_training=1	0.455087	0.638402	0.616134	0.574577	0.78049	charm3dg_derived_pairs	P9016	0	1	1	NA	NA	/mnt/ssd/zliu/phase3/test_res/016-20260618_150851-p9016_charm_contacts_condition_sweep_1m/outputs/1pr/p9016_charm3dg20k_1pr_pcgamma1_common_msep1p5_lsep1/p9016_full.manifest.tsv	/mnt/ssd/zliu/phase3/test_res/016-20260618_150851-p9016_charm_contacts_condition_sweep_1m/summary.tsv
018-20260618_214516-p9016_fixed_posterior_graph_semantics_1m	p9016_fixed_pc_same_cross_gated	OK	0	input_contact_source=charm3dg_derived_pairs;uses_charm_or_reference=1;uses_charm_for_training=1;fixed_posterior=1	0.455087	0.638402	0.616134	0.574577	0.784787	charm3dg_derived_pairs	P9016	0	1	1	NA	1	/mnt/ssd/zliu/phase3/test_res/018-20260618_214516-p9016_fixed_posterior_graph_semantics_1m/outputs/p9016_fixed_pc_same_cross_gated/p9016_full.manifest.tsv	/mnt/ssd/zliu/phase3/test_res/018-20260618_214516-p9016_fixed_posterior_graph_semantics_1m/summary.tsv
018-20260618_214516-p9016_fixed_posterior_graph_semantics_1m	p9016_fixed_pc_softall_replay	OK	0	input_contact_source=charm3dg_derived_pairs;uses_charm_or_reference=1;uses_charm_for_training=1;fixed_posterior=1	0.455087	0.638402	0.616134	0.574577	0.779202	charm3dg_derived_pairs	P9016	0	1	1	NA	1	/mnt/ssd/zliu/phase3/test_res/018-20260618_214516-p9016_fixed_posterior_graph_semantics_1m/outputs/p9016_fixed_pc_softall_replay/p9016_full.manifest.tsv	/mnt/ssd/zliu/phase3/test_res/018-20260618_214516-p9016_fixed_posterior_graph_semantics_1m/summary.tsv
018-20260618_214516-p9016_fixed_posterior_graph_semantics_1m	p9016_fixed_pc_softall_trans_dscale0p5	OK	0	input_contact_source=charm3dg_derived_pairs;uses_charm_or_reference=1;uses_charm_for_training=1;fixed_posterior=1	0.455087	0.638402	0.616134	0.574577	0.776702	charm3dg_derived_pairs	P9016	0	1	1	NA	1	/mnt/ssd/zliu/phase3/test_res/018-20260618_214516-p9016_fixed_posterior_graph_semantics_1m/outputs/p9016_fixed_pc_softall_trans_dscale0p5/p9016_full.manifest.tsv	/mnt/ssd/zliu/phase3/test_res/018-20260618_214516-p9016_fixed_posterior_graph_semantics_1m/summary.tsv
018-20260618_214516-p9016_fixed_posterior_graph_semantics_1m	p9016_fixed_pc_softall_trans_dscale0p75	OK	0	input_contact_source=charm3dg_derived_pairs;uses_charm_or_reference=1;uses_charm_for_training=1;fixed_posterior=1	0.455087	0.638402	0.616134	0.574577	0.777715	charm3dg_derived_pairs	P9016	0	1	1	NA	1	/mnt/ssd/zliu/phase3/test_res/018-20260618_214516-p9016_fixed_posterior_graph_semantics_1m/outputs/p9016_fixed_pc_softall_trans_dscale0p75/p9016_full.manifest.tsv	/mnt/ssd/zliu/phase3/test_res/018-20260618_214516-p9016_fixed_posterior_graph_semantics_1m/summary.tsv
018-20260618_214516-p9016_fixed_posterior_graph_semantics_1m	p9016_fixed_pc_top1_only	OK	0	input_contact_source=charm3dg_derived_pairs;uses_charm_or_reference=1;uses_charm_for_training=1;fixed_posterior=1	0.455087	0.638402	0.616134	0.574577	0.779803	charm3dg_derived_pairs	P9016	0	1	1	NA	1	/mnt/ssd/zliu/phase3/test_res/018-20260618_214516-p9016_fixed_posterior_graph_semantics_1m/outputs/p9016_fixed_pc_top1_only/p9016_full.manifest.tsv	/mnt/ssd/zliu/phase3/test_res/018-20260618_214516-p9016_fixed_posterior_graph_semantics_1m/summary.tsv
018-20260618_214516-p9016_fixed_posterior_graph_semantics_1m	p9016_fixed_pc_top2_only	OK	0	input_contact_source=charm3dg_derived_pairs;uses_charm_or_reference=1;uses_charm_for_training=1;fixed_posterior=1	0.455087	0.638402	0.616134	0.574577	0.780691	charm3dg_derived_pairs	P9016	0	1	1	NA	1	/mnt/ssd/zliu/phase3/test_res/018-20260618_214516-p9016_fixed_posterior_graph_semantics_1m/outputs/p9016_fixed_pc_top2_only/p9016_full.manifest.tsv	/mnt/ssd/zliu/phase3/test_res/018-20260618_214516-p9016_fixed_posterior_graph_semantics_1m/summary.tsv
018-20260618_220644-p9016_fixed_posterior_graph_semantics_1m	source_016_before_018_relax	OK	0	manifest_missing;sample=missing;input_contact_source=missing	0.455087	0.638402	0.616134	0.574577	0.78049	NA	NA	NA	NA	NA	NA	NA	NA	/mnt/ssd/zliu/phase3/test_res/018-20260618_220644-p9016_fixed_posterior_graph_semantics_1m/summary.tsv
018-20260618_220644-p9016_fixed_posterior_graph_semantics_1m	p9016_fixed_state_same_cross_gated	OK	0	input_contact_source=charm3dg_derived_pairs;uses_charm_or_reference=1;uses_charm_for_training=1;fixed_posterior=1	0.455087	0.638402	0.616134	0.574577	0.783279	charm3dg_derived_pairs	P9016	0	1	1	NA	1	/mnt/ssd/zliu/phase3/test_res/018-20260618_220644-p9016_fixed_posterior_graph_semantics_1m/outputs/p9016_fixed_state_same_cross_gated/p9016_full.manifest.tsv	/mnt/ssd/zliu/phase3/test_res/018-20260618_220644-p9016_fixed_posterior_graph_semantics_1m/summary.tsv
018-20260618_220644-p9016_fixed_posterior_graph_semantics_1m	p9016_fixed_state_softall	OK	0	input_contact_source=charm3dg_derived_pairs;uses_charm_or_reference=1;uses_charm_for_training=1;fixed_posterior=1	0.455087	0.638402	0.616134	0.574577	0.777347	charm3dg_derived_pairs	P9016	0	1	1	NA	1	/mnt/ssd/zliu/phase3/test_res/018-20260618_220644-p9016_fixed_posterior_graph_semantics_1m/outputs/p9016_fixed_state_softall/p9016_full.manifest.tsv	/mnt/ssd/zliu/phase3/test_res/018-20260618_220644-p9016_fixed_posterior_graph_semantics_1m/summary.tsv
018-20260618_220644-p9016_fixed_posterior_graph_semantics_1m	p9016_fixed_state_softall_trans_dscale0p5	OK	0	input_contact_source=charm3dg_derived_pairs;uses_charm_or_reference=1;uses_charm_for_training=1;fixed_posterior=1	0.455087	0.638402	0.616134	0.574577	0.775514	charm3dg_derived_pairs	P9016	0	1	1	NA	1	/mnt/ssd/zliu/phase3/test_res/018-20260618_220644-p9016_fixed_posterior_graph_semantics_1m/outputs/p9016_fixed_state_softall_trans_dscale0p5/p9016_full.manifest.tsv	/mnt/ssd/zliu/phase3/test_res/018-20260618_220644-p9016_fixed_posterior_graph_semantics_1m/summary.tsv
018-20260618_220644-p9016_fixed_posterior_graph_semantics_1m	p9016_fixed_state_softall_trans_dscale0p75	OK	0	input_contact_source=charm3dg_derived_pairs;uses_charm_or_reference=1;uses_charm_for_training=1;fixed_posterior=1	0.455087	0.638402	0.616134	0.574577	0.776217	charm3dg_derived_pairs	P9016	0	1	1	NA	1	/mnt/ssd/zliu/phase3/test_res/018-20260618_220644-p9016_fixed_posterior_graph_semantics_1m/outputs/p9016_fixed_state_softall_trans_dscale0p75/p9016_full.manifest.tsv	/mnt/ssd/zliu/phase3/test_res/018-20260618_220644-p9016_fixed_posterior_graph_semantics_1m/summary.tsv
018-20260618_220644-p9016_fixed_posterior_graph_semantics_1m	p9016_fixed_state_top1_only	OK	0	input_contact_source=charm3dg_derived_pairs;uses_charm_or_reference=1;uses_charm_for_training=1;fixed_posterior=1	0.455087	0.638402	0.616134	0.574577	0.776641	charm3dg_derived_pairs	P9016	0	1	1	NA	1	/mnt/ssd/zliu/phase3/test_res/018-20260618_220644-p9016_fixed_posterior_graph_semantics_1m/outputs/p9016_fixed_state_top1_only/p9016_full.manifest.tsv	/mnt/ssd/zliu/phase3/test_res/018-20260618_220644-p9016_fixed_posterior_graph_semantics_1m/summary.tsv
018-20260618_220644-p9016_fixed_posterior_graph_semantics_1m	p9016_fixed_state_top2_only	OK	0	input_contact_source=charm3dg_derived_pairs;uses_charm_or_reference=1;uses_charm_for_training=1;fixed_posterior=1	0.455087	0.638402	0.616134	0.574577	0.779302	charm3dg_derived_pairs	P9016	0	1	1	NA	1	/mnt/ssd/zliu/phase3/test_res/018-20260618_220644-p9016_fixed_posterior_graph_semantics_1m/outputs/p9016_fixed_state_top2_only/p9016_full.manifest.tsv	/mnt/ssd/zliu/phase3/test_res/018-20260618_220644-p9016_fixed_posterior_graph_semantics_1m/summary.tsv
016-20260618_150851-p9016_charm_contacts_condition_sweep_1m	p9016_charm3dg20k_1pr_pcgamma1_msep1p5_lsep1_ieps0p5_noise0	OK	0	input_contact_source=charm3dg_derived_pairs;uses_charm_or_reference=1;uses_charm_for_training=1	0.436158	0.572352	0.555808	0.564676	0.581216	charm3dg_derived_pairs	P9016	0	1	1	NA	NA	/mnt/ssd/zliu/phase3/test_res/016-20260618_150851-p9016_charm_contacts_condition_sweep_1m/outputs/1pr/p9016_charm3dg20k_1pr_pcgamma1_msep1p5_lsep1_ieps0p5_noise0/p9016_full.manifest.tsv	/mnt/ssd/zliu/phase3/test_res/016-20260618_150851-p9016_charm_contacts_condition_sweep_1m/summary.tsv
016-20260618_150851-p9016_charm_contacts_condition_sweep_1m	p9016_charm3dg20k_2pr_raw_common_ieps1_noise0p05	OK	0	input_contact_source=charm3dg_derived_pairs;uses_charm_or_reference=1;uses_charm_for_training=1	0.411483	0.578884	0.556849	0.572696	0.795088	charm3dg_derived_pairs	P9016	0	1	1	NA	NA	/mnt/ssd/zliu/phase3/test_res/016-20260618_150851-p9016_charm_contacts_condition_sweep_1m/outputs/2pr/p9016_charm3dg20k_2pr_raw_common_ieps1_noise0p05/p9016_full.manifest.tsv	/mnt/ssd/zliu/phase3/test_res/016-20260618_150851-p9016_charm_contacts_condition_sweep_1m/summary.tsv
016-20260618_150851-p9016_charm_contacts_condition_sweep_1m	p9016_charm3dg20k_2pr_pcgamma1_msep1p5_lsep1_ieps0p5_noise0	OK	0	input_contact_source=charm3dg_derived_pairs;uses_charm_or_reference=1;uses_charm_for_training=1	0.403623	0.50134	0.488477	0.527695	0.499117	charm3dg_derived_pairs	P9016	0	1	1	NA	NA	/mnt/ssd/zliu/phase3/test_res/016-20260618_150851-p9016_charm_contacts_condition_sweep_1m/outputs/2pr/p9016_charm3dg20k_2pr_pcgamma1_msep1p5_lsep1_ieps0p5_noise0/p9016_full.manifest.tsv	/mnt/ssd/zliu/phase3/test_res/016-20260618_150851-p9016_charm_contacts_condition_sweep_1m/summary.tsv
016-20260618_150851-p9016_charm_contacts_condition_sweep_1m	p9016_charm3dg20k_1pr_raw_common_ieps1_noise0p05	OK	0	input_contact_source=charm3dg_derived_pairs;uses_charm_or_reference=1;uses_charm_for_training=1	0.40308	0.629611	0.602094	0.531295	0.83663	charm3dg_derived_pairs	P9016	0	1	1	NA	NA	/mnt/ssd/zliu/phase3/test_res/016-20260618_150851-p9016_charm_contacts_condition_sweep_1m/outputs/1pr/p9016_charm3dg20k_1pr_raw_common_ieps1_noise0p05/p9016_full.manifest.tsv	/mnt/ssd/zliu/phase3/test_res/016-20260618_150851-p9016_charm_contacts_condition_sweep_1m/summary.tsv
016-20260618_150851-p9016_charm_contacts_condition_sweep_1m	p9016_charm3dg20k_2pr_raw_msep1p5_lsep1_ieps0p5_noise0	OK	0	input_contact_source=charm3dg_derived_pairs;uses_charm_or_reference=1;uses_charm_for_training=1	0.392019	0.359694	0.363949	0.529955	0.215679	charm3dg_derived_pairs	P9016	0	1	1	NA	NA	/mnt/ssd/zliu/phase3/test_res/016-20260618_150851-p9016_charm_contacts_condition_sweep_1m/outputs/2pr/p9016_charm3dg20k_2pr_raw_msep1p5_lsep1_ieps0p5_noise0/p9016_full.manifest.tsv	/mnt/ssd/zliu/phase3/test_res/016-20260618_150851-p9016_charm_contacts_condition_sweep_1m/summary.tsv
014-20260617_205632-p9016_p1006_dscale_gamma_sep_1m	p1006_pcgamma0p5_msep1_lsep0p5_ieps0p5_noise0_seed17	OK	0	sample=P1006;approved_p9016_pairs_unverified	0.391239	0.519754	0.460673	0.567466	0.614501	raw_pairs	P1006	0	0	0	NA	NA	/mnt/ssd/zliu/phase3/test_res/014-20260617_205632-p9016_p1006_dscale_gamma_sep_1m/outputs/P1006/p1006_pcgamma0p5_msep1_lsep0p5_ieps0p5_noise0_seed17/p9016_full.manifest.tsv	/mnt/ssd/zliu/phase3/test_res/014-20260617_205632-p9016_p1006_dscale_gamma_sep_1m/summary.tsv
014-20260617_205632-p9016_p1006_dscale_gamma_sep_1m	p1006_pcgamma0p5_msep1_lsep1_ieps0p5_noise0_seed17	OK	0	sample=P1006;approved_p9016_pairs_unverified	0.390666	0.518706	0.459843	0.566489	0.60475	raw_pairs	P1006	0	0	0	NA	NA	/mnt/ssd/zliu/phase3/test_res/014-20260617_205632-p9016_p1006_dscale_gamma_sep_1m/outputs/P1006/p1006_pcgamma0p5_msep1_lsep1_ieps0p5_noise0_seed17/p9016_full.manifest.tsv	/mnt/ssd/zliu/phase3/test_res/014-20260617_205632-p9016_p1006_dscale_gamma_sep_1m/summary.tsv
016-20260618_150851-p9016_charm_contacts_condition_sweep_1m	p9016_charm3dg20k_2pr_pcgamma0p5_msep1_lsep1_ieps0p5_noise0	OK	0	input_contact_source=charm3dg_derived_pairs;uses_charm_or_reference=1;uses_charm_for_training=1	0.387566	0.379703	0.380738	0.539806	0.248294	charm3dg_derived_pairs	P9016	0	1	1	NA	NA	/mnt/ssd/zliu/phase3/test_res/016-20260618_150851-p9016_charm_contacts_condition_sweep_1m/outputs/2pr/p9016_charm3dg20k_2pr_pcgamma0p5_msep1_lsep1_ieps0p5_noise0/p9016_full.manifest.tsv	/mnt/ssd/zliu/phase3/test_res/016-20260618_150851-p9016_charm_contacts_condition_sweep_1m/summary.tsv
016-20260618_150851-p9016_charm_contacts_condition_sweep_1m	p9016_charm3dg20k_2pr_pcgamma0p75_sep_off_ieps0p5_noise0	OK	0	input_contact_source=charm3dg_derived_pairs;uses_charm_or_reference=1;uses_charm_for_training=1	0.384665	0.396091	0.394587	0.544899	0.268549	charm3dg_derived_pairs	P9016	0	1	1	NA	NA	/mnt/ssd/zliu/phase3/test_res/016-20260618_150851-p9016_charm_contacts_condition_sweep_1m/outputs/2pr/p9016_charm3dg20k_2pr_pcgamma0p75_sep_off_ieps0p5_noise0/p9016_full.manifest.tsv	/mnt/ssd/zliu/phase3/test_res/016-20260618_150851-p9016_charm_contacts_condition_sweep_1m/summary.tsv
016-20260618_150851-p9016_charm_contacts_condition_sweep_1m	p9016_charm3dg20k_2pr_tempered_pcgamma0p75_sep_off_ieps0p5_noise0	OK	0	input_contact_source=charm3dg_derived_pairs;uses_charm_or_reference=1;uses_charm_for_training=1	0.384395	0.396071	0.394534	0.544596	0.268546	charm3dg_derived_pairs	P9016	0	1	1	NA	NA	/mnt/ssd/zliu/phase3/test_res/016-20260618_150851-p9016_charm_contacts_condition_sweep_1m/outputs/2pr/p9016_charm3dg20k_2pr_tempered_pcgamma0p75_sep_off_ieps0p5_noise0/p9016_full.manifest.tsv	/mnt/ssd/zliu/phase3/test_res/016-20260618_150851-p9016_charm_contacts_condition_sweep_1m/summary.tsv
016-20260618_150851-p9016_charm_contacts_condition_sweep_1m	p9016_charm3dg20k_2pr_pcgamma1_common_msep1p5_lsep1	OK	0	input_contact_source=charm3dg_derived_pairs;uses_charm_or_reference=1;uses_charm_for_training=1	0.381932	0.610817	0.580689	0.518554	0.776927	charm3dg_derived_pairs	P9016	0	1	1	NA	NA	/mnt/ssd/zliu/phase3/test_res/016-20260618_150851-p9016_charm_contacts_condition_sweep_1m/outputs/2pr/p9016_charm3dg20k_2pr_pcgamma1_common_msep1p5_lsep1/p9016_full.manifest.tsv	/mnt/ssd/zliu/phase3/test_res/016-20260618_150851-p9016_charm_contacts_condition_sweep_1m/summary.tsv
016-20260618_150851-p9016_charm_contacts_condition_sweep_1m	p9016_charm3dg20k_2pr_expected_common_msep1p5_lsep0p5	OK	0	input_contact_source=charm3dg_derived_pairs;uses_charm_or_reference=1;uses_charm_for_training=1	0.380684	0.611824	0.5814	0.500978	0.778696	charm3dg_derived_pairs	P9016	0	1	1	NA	NA	/mnt/ssd/zliu/phase3/test_res/016-20260618_150851-p9016_charm_contacts_condition_sweep_1m/outputs/2pr/p9016_charm3dg20k_2pr_expected_common_msep1p5_lsep0p5/p9016_full.manifest.tsv	/mnt/ssd/zliu/phase3/test_res/016-20260618_150851-p9016_charm_contacts_condition_sweep_1m/summary.tsv
016-20260618_150851-p9016_charm_contacts_condition_sweep_1m	p9016_charm3dg20k_2pr_pcgamma1_common_ieps1_noise0p05	OK	0	input_contact_source=charm3dg_derived_pairs;uses_charm_or_reference=1;uses_charm_for_training=1	0.380684	0.612049	0.581595	0.497841	0.778746	charm3dg_derived_pairs	P9016	0	1	1	NA	NA	/mnt/ssd/zliu/phase3/test_res/016-20260618_150851-p9016_charm_contacts_condition_sweep_1m/outputs/2pr/p9016_charm3dg20k_2pr_pcgamma1_common_ieps1_noise0p05/p9016_full.manifest.tsv	/mnt/ssd/zliu/phase3/test_res/016-20260618_150851-p9016_charm_contacts_condition_sweep_1m/summary.tsv
016-20260618_150851-p9016_charm_contacts_condition_sweep_1m	p9016_charm3dg20k_2pr_pcgamma1_msep1_lsep1_ieps0p5_noise0	OK	0	input_contact_source=charm3dg_derived_pairs;uses_charm_or_reference=1;uses_charm_for_training=1	0.377277	0.43752	0.42959	0.540717	0.39836	charm3dg_derived_pairs	P9016	0	1	1	NA	NA	/mnt/ssd/zliu/phase3/test_res/016-20260618_150851-p9016_charm_contacts_condition_sweep_1m/outputs/2pr/p9016_charm3dg20k_2pr_pcgamma1_msep1_lsep1_ieps0p5_noise0/p9016_full.manifest.tsv	/mnt/ssd/zliu/phase3/test_res/016-20260618_150851-p9016_charm_contacts_condition_sweep_1m/summary.tsv
014-20260617_205632-p9016_p1006_dscale_gamma_sep_1m	p1006_pcgamma0p5_sep_off_ieps0p5_noise0_seed17	OK	0	sample=P1006;approved_p9016_pairs_unverified	0.376832	0.512146	0.449939	0.559155	0.582439	raw_pairs	P1006	0	0	0	NA	NA	/mnt/ssd/zliu/phase3/test_res/014-20260617_205632-p9016_p1006_dscale_gamma_sep_1m/outputs/P1006/p1006_pcgamma0p5_sep_off_ieps0p5_noise0_seed17/p9016_full.manifest.tsv	/mnt/ssd/zliu/phase3/test_res/014-20260617_205632-p9016_p1006_dscale_gamma_sep_1m/summary.tsv
014-20260617_205632-p9016_p1006_dscale_gamma_sep_1m	p1006_pcgamma1_sep_off_ieps0p5_noise0_seed17	OK	0	sample=P1006;approved_p9016_pairs_unverified	0.376664	0.516639	0.45229	0.551353	0.619827	raw_pairs	P1006	0	0	0	NA	NA	/mnt/ssd/zliu/phase3/test_res/014-20260617_205632-p9016_p1006_dscale_gamma_sep_1m/outputs/P1006/p1006_pcgamma1_sep_off_ieps0p5_noise0_seed17/p9016_full.manifest.tsv	/mnt/ssd/zliu/phase3/test_res/014-20260617_205632-p9016_p1006_dscale_gamma_sep_1m/summary.tsv
013-20260617_115651-p1006_dscale_semantics_gpu_1m	p1006_posterior_count_gpu_exact_ieps0p5_noise0_seed17	OK	0	sample=P1006;approved_p9016_pairs_unverified	0.376369	0.515881	0.451744	0.55115	0.619957	raw_pairs	P1006	0	0	0	NA	NA	/mnt/ssd/zliu/phase3/test_res/013-20260617_115651-p1006_dscale_semantics_gpu_1m/outputs/p1006_posterior_count_gpu_exact_ieps0p5_noise0_seed17/p9016_full.manifest.tsv	/mnt/ssd/zliu/phase3/test_res/013-20260617_115651-p1006_dscale_semantics_gpu_1m/summary.tsv
016-20260618_150851-p9016_charm_contacts_condition_sweep_1m	p9016_charm3dg20k_2pr_pcgamma0p5_sep_off_ieps0p5_noise0	OK	0	input_contact_source=charm3dg_derived_pairs;uses_charm_or_reference=1;uses_charm_for_training=1	0.374241	0.372498	0.372728	0.521994	0.225868	charm3dg_derived_pairs	P9016	0	1	1	NA	NA	/mnt/ssd/zliu/phase3/test_res/016-20260618_150851-p9016_charm_contacts_condition_sweep_1m/outputs/2pr/p9016_charm3dg20k_2pr_pcgamma0p5_sep_off_ieps0p5_noise0/p9016_full.manifest.tsv	/mnt/ssd/zliu/phase3/test_res/016-20260618_150851-p9016_charm_contacts_condition_sweep_1m/summary.tsv
016-20260618_150851-p9016_charm_contacts_condition_sweep_1m	p9016_charm3dg20k_2pr_tempered_pcgamma0p5_sep_off_ieps0p5_noise0	OK	0	input_contact_source=charm3dg_derived_pairs;uses_charm_or_reference=1;uses_charm_for_training=1	0.372521	0.372161	0.372208	0.518992	0.225575	charm3dg_derived_pairs	P9016	0	1	1	NA	NA	/mnt/ssd/zliu/phase3/test_res/016-20260618_150851-p9016_charm_contacts_condition_sweep_1m/outputs/2pr/p9016_charm3dg20k_2pr_tempered_pcgamma0p5_sep_off_ieps0p5_noise0/p9016_full.manifest.tsv	/mnt/ssd/zliu/phase3/test_res/016-20260618_150851-p9016_charm_contacts_condition_sweep_1m/summary.tsv
013-20260617_115651-p1006_dscale_semantics_gpu_1m	p1006_current_raw_gpu_exact_ieps0p5_noise0_seed17	OK	0	sample=P1006;approved_p9016_pairs_unverified	0.371719	0.498652	0.440298	0.550855	0.566779	raw_pairs	P1006	0	0	0	NA	NA	/mnt/ssd/zliu/phase3/test_res/013-20260617_115651-p1006_dscale_semantics_gpu_1m/outputs/p1006_current_raw_gpu_exact_ieps0p5_noise0_seed17/p9016_full.manifest.tsv	/mnt/ssd/zliu/phase3/test_res/013-20260617_115651-p1006_dscale_semantics_gpu_1m/summary.tsv
016-20260618_150851-p9016_charm_contacts_condition_sweep_1m	p9016_charm3dg20k_1pr_legacy_raw_ieps0p5_noise0_gpu	OK	0	input_contact_source=charm3dg_derived_pairs;uses_charm_or_reference=1;uses_charm_for_training=1	0.370913	0.337529	0.341584	0.541006	0.182052	charm3dg_derived_pairs	P9016	0	1	1	NA	NA	/mnt/ssd/zliu/phase3/test_res/016-20260618_150851-p9016_charm_contacts_condition_sweep_1m/outputs/1pr/p9016_charm3dg20k_1pr_legacy_raw_ieps0p5_noise0_gpu/p9016_full.manifest.tsv	/mnt/ssd/zliu/phase3/test_res/016-20260618_150851-p9016_charm_contacts_condition_sweep_1m/summary.tsv
016-20260618_150851-p9016_charm_contacts_condition_sweep_1m	p9016_charm3dg20k_1pr_tempered_pcgamma0_sep_off_ieps0p5_noise0	OK	0	input_contact_source=charm3dg_derived_pairs;uses_charm_or_reference=1;uses_charm_for_training=1	0.370495	0.337451	0.341465	0.539944	0.182127	charm3dg_derived_pairs	P9016	0	1	1	NA	NA	/mnt/ssd/zliu/phase3/test_res/016-20260618_150851-p9016_charm_contacts_condition_sweep_1m/outputs/1pr/p9016_charm3dg20k_1pr_tempered_pcgamma0_sep_off_ieps0p5_noise0/p9016_full.manifest.tsv	/mnt/ssd/zliu/phase3/test_res/016-20260618_150851-p9016_charm_contacts_condition_sweep_1m/summary.tsv
016-20260618_150851-p9016_charm_contacts_condition_sweep_1m	p9016_charm3dg20k_1pr_pcgamma0_sep_off_ieps0p5_noise0	OK	0	input_contact_source=charm3dg_derived_pairs;uses_charm_or_reference=1;uses_charm_for_training=1	0.370344	0.337613	0.341589	0.540437	0.182051	charm3dg_derived_pairs	P9016	0	1	1	NA	NA	/mnt/ssd/zliu/phase3/test_res/016-20260618_150851-p9016_charm_contacts_condition_sweep_1m/outputs/1pr/p9016_charm3dg20k_1pr_pcgamma0_sep_off_ieps0p5_noise0/p9016_full.manifest.tsv	/mnt/ssd/zliu/phase3/test_res/016-20260618_150851-p9016_charm_contacts_condition_sweep_1m/summary.tsv
016-20260618_150851-p9016_charm_contacts_condition_sweep_1m	p9016_charm3dg20k_2pr_pcgamma0p25_sep_off_ieps0p5_noise0	OK	0	input_contact_source=charm3dg_derived_pairs;uses_charm_or_reference=1;uses_charm_for_training=1	0.36773	0.349626	0.352009	0.548981	0.189457	charm3dg_derived_pairs	P9016	0	1	1	NA	NA	/mnt/ssd/zliu/phase3/test_res/016-20260618_150851-p9016_charm_contacts_condition_sweep_1m/outputs/2pr/p9016_charm3dg20k_2pr_pcgamma0p25_sep_off_ieps0p5_noise0/p9016_full.manifest.tsv	/mnt/ssd/zliu/phase3/test_res/016-20260618_150851-p9016_charm_contacts_condition_sweep_1m/summary.tsv
016-20260618_150851-p9016_charm_contacts_condition_sweep_1m	p9016_charm3dg20k_2pr_tempered_pcgamma0p25_sep_off_ieps0p5_noise0	OK	0	input_contact_source=charm3dg_derived_pairs;uses_charm_or_reference=1;uses_charm_for_training=1	0.367157	0.349585	0.351898	0.547767	0.189413	charm3dg_derived_pairs	P9016	0	1	1	NA	NA	/mnt/ssd/zliu/phase3/test_res/016-20260618_150851-p9016_charm_contacts_condition_sweep_1m/outputs/2pr/p9016_charm3dg20k_2pr_tempered_pcgamma0p25_sep_off_ieps0p5_noise0/p9016_full.manifest.tsv	/mnt/ssd/zliu/phase3/test_res/016-20260618_150851-p9016_charm_contacts_condition_sweep_1m/summary.tsv
016-20260618_150851-p9016_charm_contacts_condition_sweep_1m	p9016_charm3dg20k_1pr_pcgamma0p5_msep1_lsep0p5_ieps0p5_noise0	OK	0	input_contact_source=charm3dg_derived_pairs;uses_charm_or_reference=1;uses_charm_for_training=1	0.36693	0.370725	0.370264	0.516956	0.22355	charm3dg_derived_pairs	P9016	0	1	1	NA	NA	/mnt/ssd/zliu/phase3/test_res/016-20260618_150851-p9016_charm_contacts_condition_sweep_1m/outputs/1pr/p9016_charm3dg20k_1pr_pcgamma0p5_msep1_lsep0p5_ieps0p5_noise0/p9016_full.manifest.tsv	/mnt/ssd/zliu/phase3/test_res/016-20260618_150851-p9016_charm_contacts_condition_sweep_1m/summary.tsv
016-20260618_150851-p9016_charm_contacts_condition_sweep_1m	p9016_charm3dg20k_2pr_pcgamma0p5_msep1_lsep0p5_ieps0p5_noise0	OK	0	input_contact_source=charm3dg_derived_pairs;uses_charm_or_reference=1;uses_charm_for_training=1	0.366583	0.371235	0.370623	0.529686	0.240371	charm3dg_derived_pairs	P9016	0	1	1	NA	NA	/mnt/ssd/zliu/phase3/test_res/016-20260618_150851-p9016_charm_contacts_condition_sweep_1m/outputs/2pr/p9016_charm3dg20k_2pr_pcgamma0p5_msep1_lsep0p5_ieps0p5_noise0/p9016_full.manifest.tsv	/mnt/ssd/zliu/phase3/test_res/016-20260618_150851-p9016_charm_contacts_condition_sweep_1m/summary.tsv
014-20260617_205632-p9016_p1006_dscale_gamma_sep_1m	p1006_pcgamma0p75_sep_off_ieps0p5_noise0_seed17	OK	0	sample=P1006;approved_p9016_pairs_unverified	0.365334	0.519818	0.448798	0.547264	0.597272	raw_pairs	P1006	0	0	0	NA	NA	/mnt/ssd/zliu/phase3/test_res/014-20260617_205632-p9016_p1006_dscale_gamma_sep_1m/outputs/P1006/p1006_pcgamma0p75_sep_off_ieps0p5_noise0_seed17/p9016_full.manifest.tsv	/mnt/ssd/zliu/phase3/test_res/014-20260617_205632-p9016_p1006_dscale_gamma_sep_1m/summary.tsv
014-20260617_205632-p9016_p1006_dscale_gamma_sep_1m	p1006_pcgamma0_sep_off_ieps0p5_noise0_seed17	OK	0	sample=P1006;approved_p9016_pairs_unverified	0.365062	0.498543	0.437179	0.547958	0.561463	raw_pairs	P1006	0	0	0	NA	NA	/mnt/ssd/zliu/phase3/test_res/014-20260617_205632-p9016_p1006_dscale_gamma_sep_1m/outputs/P1006/p1006_pcgamma0_sep_off_ieps0p5_noise0_seed17/p9016_full.manifest.tsv	/mnt/ssd/zliu/phase3/test_res/014-20260617_205632-p9016_p1006_dscale_gamma_sep_1m/summary.tsv
015-20260617_234926-p9016_charm3dg_clean_contacts_1m	p9016_charm3dg20k_2pr_clean_contacts_pcgamma1_ieps0p5_noise0_seed17	OK	0	input_contact_source=charm3dg_derived_pairs;uses_charm_or_reference=1;uses_charm_for_training=1	0.362535	0.435357	0.425772	0.540008	0.377934	charm3dg_derived_pairs	P9016	0	1	1	NA	NA	/mnt/ssd/zliu/phase3/test_res/015-20260617_234926-p9016_charm3dg_clean_contacts_1m/outputs/p9016_charm3dg20k_2pr_clean_contacts_pcgamma1_ieps0p5_noise0_seed17/p9016_full.manifest.tsv	/mnt/ssd/zliu/phase3/test_res/015-20260617_234926-p9016_charm3dg_clean_contacts_1m/summary.tsv
016-20260618_150851-p9016_charm_contacts_condition_sweep_1m	p9016_charm3dg20k_2pr_expected_alias_gamma1_ieps0p5_noise0	OK	0	input_contact_source=charm3dg_derived_pairs;uses_charm_or_reference=1;uses_charm_for_training=1	0.362535	0.435413	0.42582	0.540008	0.377932	charm3dg_derived_pairs	P9016	0	1	1	NA	NA	/mnt/ssd/zliu/phase3/test_res/016-20260618_150851-p9016_charm_contacts_condition_sweep_1m/outputs/2pr/p9016_charm3dg20k_2pr_expected_alias_gamma1_ieps0p5_noise0/p9016_full.manifest.tsv	/mnt/ssd/zliu/phase3/test_res/016-20260618_150851-p9016_charm_contacts_condition_sweep_1m/summary.tsv
016-20260618_150851-p9016_charm_contacts_condition_sweep_1m	p9016_charm3dg20k_2pr_pcgamma1_sep_off_ieps0p5_noise0	OK	0	input_contact_source=charm3dg_derived_pairs;uses_charm_or_reference=1;uses_charm_for_training=1	0.362535	0.435357	0.425772	0.540008	0.377933	charm3dg_derived_pairs	P9016	0	1	1	NA	NA	/mnt/ssd/zliu/phase3/test_res/016-20260618_150851-p9016_charm_contacts_condition_sweep_1m/outputs/2pr/p9016_charm3dg20k_2pr_pcgamma1_sep_off_ieps0p5_noise0/p9016_full.manifest.tsv	/mnt/ssd/zliu/phase3/test_res/016-20260618_150851-p9016_charm_contacts_condition_sweep_1m/summary.tsv
016-20260618_150851-p9016_charm_contacts_condition_sweep_1m	p9016_charm3dg20k_2pr_tempered_pcgamma1_sep_off_ieps0p5_noise0	OK	0	input_contact_source=charm3dg_derived_pairs;uses_charm_or_reference=1;uses_charm_for_training=1	0.362535	0.435413	0.42582	0.540008	0.377933	charm3dg_derived_pairs	P9016	0	1	1	NA	NA	/mnt/ssd/zliu/phase3/test_res/016-20260618_150851-p9016_charm_contacts_condition_sweep_1m/outputs/2pr/p9016_charm3dg20k_2pr_tempered_pcgamma1_sep_off_ieps0p5_noise0/p9016_full.manifest.tsv	/mnt/ssd/zliu/phase3/test_res/016-20260618_150851-p9016_charm_contacts_condition_sweep_1m/summary.tsv
014-20260617_205632-p9016_p1006_dscale_gamma_sep_1m	p1006_pcgamma0p25_sep_off_ieps0p5_noise0_seed17	OK	0	sample=P1006;approved_p9016_pairs_unverified	0.362327	0.503976	0.438857	0.544135	0.586205	raw_pairs	P1006	0	0	0	NA	NA	/mnt/ssd/zliu/phase3/test_res/014-20260617_205632-p9016_p1006_dscale_gamma_sep_1m/outputs/P1006/p1006_pcgamma0p25_sep_off_ieps0p5_noise0_seed17/p9016_full.manifest.tsv	/mnt/ssd/zliu/phase3/test_res/014-20260617_205632-p9016_p1006_dscale_gamma_sep_1m/summary.tsv
014-20260617_205632-p9016_p1006_dscale_gamma_sep_1m	p1006_pcgamma1_msep1p5_lsep1_ieps0p5_noise0_seed17	OK	0	sample=P1006;approved_p9016_pairs_unverified	0.360626	0.527318	0.450686	0.533533	0.658392	raw_pairs	P1006	0	0	0	NA	NA	/mnt/ssd/zliu/phase3/test_res/014-20260617_205632-p9016_p1006_dscale_gamma_sep_1m/outputs/P1006/p1006_pcgamma1_msep1p5_lsep1_ieps0p5_noise0_seed17/p9016_full.manifest.tsv	/mnt/ssd/zliu/phase3/test_res/014-20260617_205632-p9016_p1006_dscale_gamma_sep_1m/summary.tsv
014-20260617_205632-p9016_p1006_dscale_gamma_sep_1m	p1006_pcgamma1_msep1_lsep0p5_ieps0p5_noise0_seed17	OK	0	sample=P1006;approved_p9016_pairs_unverified	0.35995	0.518317	0.445512	0.525963	0.633733	raw_pairs	P1006	0	0	0	NA	NA	/mnt/ssd/zliu/phase3/test_res/014-20260617_205632-p9016_p1006_dscale_gamma_sep_1m/outputs/P1006/p1006_pcgamma1_msep1_lsep0p5_ieps0p5_noise0_seed17/p9016_full.manifest.tsv	/mnt/ssd/zliu/phase3/test_res/014-20260617_205632-p9016_p1006_dscale_gamma_sep_1m/summary.tsv
016-20260618_150851-p9016_charm_contacts_condition_sweep_1m	p9016_charm3dg20k_1pr_raw_msep1p5_lsep1_ieps0p5_noise0	OK	0	input_contact_source=charm3dg_derived_pairs;uses_charm_or_reference=1;uses_charm_for_training=1	0.358926	0.397621	0.392921	0.510508	0.279991	charm3dg_derived_pairs	P9016	0	1	1	NA	NA	/mnt/ssd/zliu/phase3/test_res/016-20260618_150851-p9016_charm_contacts_condition_sweep_1m/outputs/1pr/p9016_charm3dg20k_1pr_raw_msep1p5_lsep1_ieps0p5_noise0/p9016_full.manifest.tsv	/mnt/ssd/zliu/phase3/test_res/016-20260618_150851-p9016_charm_contacts_condition_sweep_1m/summary.tsv
014-20260617_205632-p9016_p1006_dscale_gamma_sep_1m	p1006_pcgamma1_msep1_lsep1_ieps0p5_noise0_seed17	OK	0	sample=P1006;approved_p9016_pairs_unverified	0.358718	0.521905	0.446884	0.538207	0.643198	raw_pairs	P1006	0	0	0	NA	NA	/mnt/ssd/zliu/phase3/test_res/014-20260617_205632-p9016_p1006_dscale_gamma_sep_1m/outputs/P1006/p1006_pcgamma1_msep1_lsep1_ieps0p5_noise0_seed17/p9016_full.manifest.tsv	/mnt/ssd/zliu/phase3/test_res/014-20260617_205632-p9016_p1006_dscale_gamma_sep_1m/summary.tsv
016-20260618_150851-p9016_charm_contacts_condition_sweep_1m	p9016_charm3dg20k_1pr_pcgamma1_msep1_lsep0p5_ieps0p5_noise0	OK	0	input_contact_source=charm3dg_derived_pairs;uses_charm_or_reference=1;uses_charm_for_training=1	0.35866	0.48324	0.468107	0.511608	0.422843	charm3dg_derived_pairs	P9016	0	1	1	NA	NA	/mnt/ssd/zliu/phase3/test_res/016-20260618_150851-p9016_charm_contacts_condition_sweep_1m/outputs/1pr/p9016_charm3dg20k_1pr_pcgamma1_msep1_lsep0p5_ieps0p5_noise0/p9016_full.manifest.tsv	/mnt/ssd/zliu/phase3/test_res/016-20260618_150851-p9016_charm_contacts_condition_sweep_1m/summary.tsv
027-20260619_030956-p9016_contacts_seg_source_sweep_1m	p9016_seg_all_pcgamma1_ieps0p5_noise0_seed17	OK	0	approved_p9016_pairs_unverified	0.353975	0.533829	0.476217	0.563828	0.797352	raw_pairs	P9016	0	0	0	NA	NA	/mnt/ssd/zliu/phase3/test_res/027-20260619_030956-p9016_contacts_seg_source_sweep_1m/outputs/p9016_seg_all_pcgamma1_ieps0p5_noise0_seed17/p9016_full.manifest.tsv	/mnt/ssd/zliu/phase3/test_res/027-20260619_030956-p9016_contacts_seg_source_sweep_1m/summary.tsv
029-20260619_061138-p9016_readgroup_joint_marginal_1m	p9016_seg_all_pairwise_pcgamma1_ieps0p5_noise0_seed17	OK	0	input_contact_source=contacts_seg_derived_pairs	0.353975	0.533829	0.476217	0.563828	0.797352	contacts_seg_derived_pairs	P9016	0	0	0	off	NA	/mnt/ssd/zliu/phase3/test_res/029-20260619_061138-p9016_readgroup_joint_marginal_1m/outputs/p9016_seg_all_pairwise_pcgamma1_ieps0p5_noise0_seed17/p9016_full.manifest.tsv	/mnt/ssd/zliu/phase3/test_res/029-20260619_061138-p9016_readgroup_joint_marginal_1m/summary.tsv
016-20260618_150851-p9016_charm_contacts_condition_sweep_1m	p9016_charm3dg20k_1pr_pcgamma0p75_sep_off_ieps0p5_noise0	OK	0	input_contact_source=charm3dg_derived_pairs;uses_charm_or_reference=1;uses_charm_for_training=1	0.353767	0.417935	0.41014	0.510697	0.305263	charm3dg_derived_pairs	P9016	0	1	1	NA	NA	/mnt/ssd/zliu/phase3/test_res/016-20260618_150851-p9016_charm_contacts_condition_sweep_1m/outputs/1pr/p9016_charm3dg20k_1pr_pcgamma0p75_sep_off_ieps0p5_noise0/p9016_full.manifest.tsv	/mnt/ssd/zliu/phase3/test_res/016-20260618_150851-p9016_charm_contacts_condition_sweep_1m/summary.tsv
016-20260618_150851-p9016_charm_contacts_condition_sweep_1m	p9016_charm3dg20k_1pr_tempered_pcgamma0p75_sep_off_ieps0p5_noise0	OK	0	input_contact_source=charm3dg_derived_pairs;uses_charm_or_reference=1;uses_charm_for_training=1	0.353767	0.417908	0.410117	0.510697	0.305268	charm3dg_derived_pairs	P9016	0	1	1	NA	NA	/mnt/ssd/zliu/phase3/test_res/016-20260618_150851-p9016_charm_contacts_condition_sweep_1m/outputs/1pr/p9016_charm3dg20k_1pr_tempered_pcgamma0p75_sep_off_ieps0p5_noise0/p9016_full.manifest.tsv	/mnt/ssd/zliu/phase3/test_res/016-20260618_150851-p9016_charm_contacts_condition_sweep_1m/summary.tsv
016-20260618_150851-p9016_charm_contacts_condition_sweep_1m	p9016_charm3dg20k_1pr_pcgamma1_msep1_lsep1_ieps0p5_noise0	OK	0	input_contact_source=charm3dg_derived_pairs;uses_charm_or_reference=1;uses_charm_for_training=1	0.35335	0.47436	0.459661	0.513884	0.419026	charm3dg_derived_pairs	P9016	0	1	1	NA	NA	/mnt/ssd/zliu/phase3/test_res/016-20260618_150851-p9016_charm_contacts_condition_sweep_1m/outputs/1pr/p9016_charm3dg20k_1pr_pcgamma1_msep1_lsep1_ieps0p5_noise0/p9016_full.manifest.tsv	/mnt/ssd/zliu/phase3/test_res/016-20260618_150851-p9016_charm_contacts_condition_sweep_1m/summary.tsv
015-20260617_234926-p9016_charm3dg_clean_contacts_1m	p9016_charm3dg20k_1pr_clean_contacts_pcgamma1_ieps0p5_noise0_seed17	OK	0	input_contact_source=charm3dg_derived_pairs;uses_charm_or_reference=1;uses_charm_for_training=1	0.350884	0.468187	0.453938	0.540892	0.40785	charm3dg_derived_pairs	P9016	0	1	1	NA	NA	/mnt/ssd/zliu/phase3/test_res/015-20260617_234926-p9016_charm3dg_clean_contacts_1m/outputs/p9016_charm3dg20k_1pr_clean_contacts_pcgamma1_ieps0p5_noise0_seed17/p9016_full.manifest.tsv	/mnt/ssd/zliu/phase3/test_res/015-20260617_234926-p9016_charm3dg_clean_contacts_1m/summary.tsv
016-20260618_150851-p9016_charm_contacts_condition_sweep_1m	p9016_charm3dg20k_1pr_expected_alias_gamma1_ieps0p5_noise0	OK	0	input_contact_source=charm3dg_derived_pairs;uses_charm_or_reference=1;uses_charm_for_training=1	0.350884	0.468202	0.453951	0.540892	0.407842	charm3dg_derived_pairs	P9016	0	1	1	NA	NA	/mnt/ssd/zliu/phase3/test_res/016-20260618_150851-p9016_charm_contacts_condition_sweep_1m/outputs/1pr/p9016_charm3dg20k_1pr_expected_alias_gamma1_ieps0p5_noise0/p9016_full.manifest.tsv	/mnt/ssd/zliu/phase3/test_res/016-20260618_150851-p9016_charm_contacts_condition_sweep_1m/summary.tsv
016-20260618_150851-p9016_charm_contacts_condition_sweep_1m	p9016_charm3dg20k_1pr_pcgamma1_sep_off_ieps0p5_noise0	OK	0	input_contact_source=charm3dg_derived_pairs;uses_charm_or_reference=1;uses_charm_for_training=1	0.350884	0.468208	0.453956	0.540892	0.407848	charm3dg_derived_pairs	P9016	0	1	1	NA	NA	/mnt/ssd/zliu/phase3/test_res/016-20260618_150851-p9016_charm_contacts_condition_sweep_1m/outputs/1pr/p9016_charm3dg20k_1pr_pcgamma1_sep_off_ieps0p5_noise0/p9016_full.manifest.tsv	/mnt/ssd/zliu/phase3/test_res/016-20260618_150851-p9016_charm_contacts_condition_sweep_1m/summary.tsv
016-20260618_150851-p9016_charm_contacts_condition_sweep_1m	p9016_charm3dg20k_1pr_tempered_pcgamma1_sep_off_ieps0p5_noise0	OK	0	input_contact_source=charm3dg_derived_pairs;uses_charm_or_reference=1;uses_charm_for_training=1	0.350884	0.468213	0.453961	0.540892	0.407846	charm3dg_derived_pairs	P9016	0	1	1	NA	NA	/mnt/ssd/zliu/phase3/test_res/016-20260618_150851-p9016_charm_contacts_condition_sweep_1m/outputs/1pr/p9016_charm3dg20k_1pr_tempered_pcgamma1_sep_off_ieps0p5_noise0/p9016_full.manifest.tsv	/mnt/ssd/zliu/phase3/test_res/016-20260618_150851-p9016_charm_contacts_condition_sweep_1m/summary.tsv
016-20260618_150851-p9016_charm_contacts_condition_sweep_1m	p9016_charm3dg20k_2pr_pcgamma1_msep1_lsep0p5_ieps0p5_noise0	OK	0	input_contact_source=charm3dg_derived_pairs;uses_charm_or_reference=1;uses_charm_for_training=1	0.347693	0.436589	0.424888	0.521859	0.381628	charm3dg_derived_pairs	P9016	0	1	1	NA	NA	/mnt/ssd/zliu/phase3/test_res/016-20260618_150851-p9016_charm_contacts_condition_sweep_1m/outputs/2pr/p9016_charm3dg20k_2pr_pcgamma1_msep1_lsep0p5_ieps0p5_noise0/p9016_full.manifest.tsv	/mnt/ssd/zliu/phase3/test_res/016-20260618_150851-p9016_charm_contacts_condition_sweep_1m/summary.tsv
016-20260618_150851-p9016_charm_contacts_condition_sweep_1m	p9016_charm3dg20k_1pr_pcgamma0p5_msep1_lsep1_ieps0p5_noise0	OK	0	input_contact_source=charm3dg_derived_pairs;uses_charm_or_reference=1;uses_charm_for_training=1	0.341742	0.383402	0.378341	0.481602	0.239246	charm3dg_derived_pairs	P9016	0	1	1	NA	NA	/mnt/ssd/zliu/phase3/test_res/016-20260618_150851-p9016_charm_contacts_condition_sweep_1m/outputs/1pr/p9016_charm3dg20k_1pr_pcgamma0p5_msep1_lsep1_ieps0p5_noise0/p9016_full.manifest.tsv	/mnt/ssd/zliu/phase3/test_res/016-20260618_150851-p9016_charm_contacts_condition_sweep_1m/summary.tsv
029-20260619_061138-p9016_readgroup_joint_marginal_1m	p9016_seg_all_readgroup_joint_pcgamma1_ieps0p5_noise0_seed17	OK	0	input_contact_source=contacts_seg_derived_pairs;readgroup_mode=joint_marginal	0.333725	0.528319	0.465985	0.532047	0.776265	contacts_seg_derived_pairs	P9016	0	0	0	joint_marginal	NA	/mnt/ssd/zliu/phase3/test_res/029-20260619_061138-p9016_readgroup_joint_marginal_1m/outputs/p9016_seg_all_readgroup_joint_pcgamma1_ieps0p5_noise0_seed17/p9016_full.manifest.tsv	/mnt/ssd/zliu/phase3/test_res/029-20260619_061138-p9016_readgroup_joint_marginal_1m/summary.tsv
016-20260618_150851-p9016_charm_contacts_condition_sweep_1m	p9016_charm3dg20k_2pr_tempered_pcgamma0_sep_off_ieps0p5_noise0	OK	0	input_contact_source=charm3dg_derived_pairs;uses_charm_or_reference=1;uses_charm_for_training=1	0.331568	0.344912	0.343155	0.527291	0.173546	charm3dg_derived_pairs	P9016	0	1	1	NA	NA	/mnt/ssd/zliu/phase3/test_res/016-20260618_150851-p9016_charm_contacts_condition_sweep_1m/outputs/2pr/p9016_charm3dg20k_2pr_tempered_pcgamma0_sep_off_ieps0p5_noise0/p9016_full.manifest.tsv	/mnt/ssd/zliu/phase3/test_res/016-20260618_150851-p9016_charm_contacts_condition_sweep_1m/summary.tsv
016-20260618_150851-p9016_charm_contacts_condition_sweep_1m	p9016_charm3dg20k_1pr_tempered_pcgamma0p5_sep_off_ieps0p5_noise0	OK	0	input_contact_source=charm3dg_derived_pairs;uses_charm_or_reference=1;uses_charm_for_training=1	0.331045	0.360439	0.356869	0.503035	0.216146	charm3dg_derived_pairs	P9016	0	1	1	NA	NA	/mnt/ssd/zliu/phase3/test_res/016-20260618_150851-p9016_charm_contacts_condition_sweep_1m/outputs/1pr/p9016_charm3dg20k_1pr_tempered_pcgamma0p5_sep_off_ieps0p5_noise0/p9016_full.manifest.tsv	/mnt/ssd/zliu/phase3/test_res/016-20260618_150851-p9016_charm_contacts_condition_sweep_1m/summary.tsv
016-20260618_150851-p9016_charm_contacts_condition_sweep_1m	p9016_charm3dg20k_2pr_pcgamma0_sep_off_ieps0p5_noise0	OK	0	input_contact_source=charm3dg_derived_pairs;uses_charm_or_reference=1;uses_charm_for_training=1	0.330994	0.34485	0.343027	0.52665	0.173555	charm3dg_derived_pairs	P9016	0	1	1	NA	NA	/mnt/ssd/zliu/phase3/test_res/016-20260618_150851-p9016_charm_contacts_condition_sweep_1m/outputs/2pr/p9016_charm3dg20k_2pr_pcgamma0_sep_off_ieps0p5_noise0/p9016_full.manifest.tsv	/mnt/ssd/zliu/phase3/test_res/016-20260618_150851-p9016_charm_contacts_condition_sweep_1m/summary.tsv
016-20260618_150851-p9016_charm_contacts_condition_sweep_1m	p9016_charm3dg20k_1pr_pcgamma0p5_sep_off_ieps0p5_noise0	OK	0	input_contact_source=charm3dg_derived_pairs;uses_charm_or_reference=1;uses_charm_for_training=1	0.330779	0.360193	0.35662	0.502314	0.216299	charm3dg_derived_pairs	P9016	0	1	1	NA	NA	/mnt/ssd/zliu/phase3/test_res/016-20260618_150851-p9016_charm_contacts_condition_sweep_1m/outputs/1pr/p9016_charm3dg20k_1pr_pcgamma0p5_sep_off_ieps0p5_noise0/p9016_full.manifest.tsv	/mnt/ssd/zliu/phase3/test_res/016-20260618_150851-p9016_charm_contacts_condition_sweep_1m/summary.tsv
031-20260619_105814-p9016_confidence_boost_pairs_1m	p9016_pcgamma1_confboost_pmax_margin_top0p005_b2_sep0_ieps0p5_noise0_seed17	OK	0	approved_p9016_pairs_unverified	0.329685	0.570371	0.471371	0.530182	0.808165	raw_pairs	P9016	0	0	0	off	NA	/mnt/ssd/zliu/phase3/test_res/031-20260619_105814-p9016_confidence_boost_pairs_1m/outputs/p9016_pcgamma1_confboost_pmax_margin_top0p005_b2_sep0_ieps0p5_noise0_seed17/p9016_full.manifest.tsv	/mnt/ssd/zliu/phase3/test_res/031-20260619_105814-p9016_confidence_boost_pairs_1m/summary.tsv
016-20260618_150851-p9016_charm_contacts_condition_sweep_1m	p9016_charm3dg20k_2pr_legacy_raw_ieps0p5_noise0_gpu	OK	0	input_contact_source=charm3dg_derived_pairs;uses_charm_or_reference=1;uses_charm_for_training=1	0.329578	0.344728	0.342733	0.526076	0.173686	charm3dg_derived_pairs	P9016	0	1	1	NA	NA	/mnt/ssd/zliu/phase3/test_res/016-20260618_150851-p9016_charm_contacts_condition_sweep_1m/outputs/2pr/p9016_charm3dg20k_2pr_legacy_raw_ieps0p5_noise0_gpu/p9016_full.manifest.tsv	/mnt/ssd/zliu/phase3/test_res/016-20260618_150851-p9016_charm_contacts_condition_sweep_1m/summary.tsv
016-20260618_150851-p9016_charm_contacts_condition_sweep_1m	p9016_charm3dg20k_1pr_pcgamma0p25_sep_off_ieps0p5_noise0	OK	0	input_contact_source=charm3dg_derived_pairs;uses_charm_or_reference=1;uses_charm_for_training=1	0.328996	0.34718	0.344971	0.511797	0.194397	charm3dg_derived_pairs	P9016	0	1	1	NA	NA	/mnt/ssd/zliu/phase3/test_res/016-20260618_150851-p9016_charm_contacts_condition_sweep_1m/outputs/1pr/p9016_charm3dg20k_1pr_pcgamma0p25_sep_off_ieps0p5_noise0/p9016_full.manifest.tsv	/mnt/ssd/zliu/phase3/test_res/016-20260618_150851-p9016_charm_contacts_condition_sweep_1m/summary.tsv
016-20260618_150851-p9016_charm_contacts_condition_sweep_1m	p9016_charm3dg20k_1pr_tempered_pcgamma0p25_sep_off_ieps0p5_noise0	OK	0	input_contact_source=charm3dg_derived_pairs;uses_charm_or_reference=1;uses_charm_for_training=1	0.32892	0.34696	0.344768	0.511949	0.194359	charm3dg_derived_pairs	P9016	0	1	1	NA	NA	/mnt/ssd/zliu/phase3/test_res/016-20260618_150851-p9016_charm_contacts_condition_sweep_1m/outputs/1pr/p9016_charm3dg20k_1pr_tempered_pcgamma0p25_sep_off_ieps0p5_noise0/p9016_full.manifest.tsv	/mnt/ssd/zliu/phase3/test_res/016-20260618_150851-p9016_charm_contacts_condition_sweep_1m/summary.tsv
031-20260619_105814-p9016_confidence_boost_pairs_1m	p9016_pcgamma1_confboost_pmax_top0p02_b2_sep0_ieps0p5_noise0_seed17	OK	0	approved_p9016_pairs_unverified	0.32817	0.551949	0.459904	0.541746	0.739462	raw_pairs	P9016	0	0	0	off	NA	/mnt/ssd/zliu/phase3/test_res/031-20260619_105814-p9016_confidence_boost_pairs_1m/outputs/p9016_pcgamma1_confboost_pmax_top0p02_b2_sep0_ieps0p5_noise0_seed17/p9016_full.manifest.tsv	/mnt/ssd/zliu/phase3/test_res/031-20260619_105814-p9016_confidence_boost_pairs_1m/summary.tsv
031-20260619_105814-p9016_confidence_boost_pairs_1m	p9016_pcgamma1_confboost_pmax_margin_entropy_top0p05_b2_sep0_ieps0p5_noise0_seed17	OK	0	approved_p9016_pairs_unverified	0.327254	0.555599	0.461675	0.537871	0.742854	raw_pairs	P9016	0	0	0	off	NA	/mnt/ssd/zliu/phase3/test_res/031-20260619_105814-p9016_confidence_boost_pairs_1m/outputs/p9016_pcgamma1_confboost_pmax_margin_entropy_top0p05_b2_sep0_ieps0p5_noise0_seed17/p9016_full.manifest.tsv	/mnt/ssd/zliu/phase3/test_res/031-20260619_105814-p9016_confidence_boost_pairs_1m/summary.tsv
031-20260619_105814-p9016_confidence_boost_pairs_1m	p9016_pcgamma1_confboost_pmax_margin_entropy_top0p02_b2_sep0_ieps0p5_noise0_seed17	OK	0	approved_p9016_pairs_unverified	0.322961	0.557283	0.460901	0.534947	0.747853	raw_pairs	P9016	0	0	0	off	NA	/mnt/ssd/zliu/phase3/test_res/031-20260619_105814-p9016_confidence_boost_pairs_1m/outputs/p9016_pcgamma1_confboost_pmax_margin_entropy_top0p02_b2_sep0_ieps0p5_noise0_seed17/p9016_full.manifest.tsv	/mnt/ssd/zliu/phase3/test_res/031-20260619_105814-p9016_confidence_boost_pairs_1m/summary.tsv
031-20260619_105814-p9016_confidence_boost_pairs_1m	p9016_pcgamma1_confboost_pmax_margin_top0p02_b2_sep0_ieps0p5_noise0_seed17	OK	0	approved_p9016_pairs_unverified	0.321496	0.562403	0.463312	0.525945	0.781876	raw_pairs	P9016	0	0	0	off	NA	/mnt/ssd/zliu/phase3/test_res/031-20260619_105814-p9016_confidence_boost_pairs_1m/outputs/p9016_pcgamma1_confboost_pmax_margin_top0p02_b2_sep0_ieps0p5_noise0_seed17/p9016_full.manifest.tsv	/mnt/ssd/zliu/phase3/test_res/031-20260619_105814-p9016_confidence_boost_pairs_1m/summary.tsv
031-20260619_105814-p9016_confidence_boost_pairs_1m	p9016_pcgamma1_confboost_pmax_top0p05_b5_sep0_ieps0p5_noise0_seed17	OK	0	approved_p9016_pairs_unverified	0.320232	0.54564	0.452925	0.521312	0.755212	raw_pairs	P9016	0	0	0	off	NA	/mnt/ssd/zliu/phase3/test_res/031-20260619_105814-p9016_confidence_boost_pairs_1m/outputs/p9016_pcgamma1_confboost_pmax_top0p05_b5_sep0_ieps0p5_noise0_seed17/p9016_full.manifest.tsv	/mnt/ssd/zliu/phase3/test_res/031-20260619_105814-p9016_confidence_boost_pairs_1m/summary.tsv
031-20260619_105814-p9016_confidence_boost_pairs_1m	p9016_pcgamma1_confboost_pmax_margin_top0p02_b2_msep1_lsep1_ieps0p5_noise0_seed17	OK	0	approved_p9016_pairs_unverified	0.317328	0.559141	0.459678	0.523577	0.767741	raw_pairs	P9016	0	0	0	off	NA	/mnt/ssd/zliu/phase3/test_res/031-20260619_105814-p9016_confidence_boost_pairs_1m/outputs/p9016_pcgamma1_confboost_pmax_margin_top0p02_b2_msep1_lsep1_ieps0p5_noise0_seed17/p9016_full.manifest.tsv	/mnt/ssd/zliu/phase3/test_res/031-20260619_105814-p9016_confidence_boost_pairs_1m/summary.tsv
031-20260619_105814-p9016_confidence_boost_pairs_1m	p9016_pcgamma1_confboost_pmax_top0p02_b5_sep0_ieps0p5_noise0_seed17	OK	0	approved_p9016_pairs_unverified	0.316044	0.549052	0.45321	0.525042	0.763133	raw_pairs	P9016	0	0	0	off	NA	/mnt/ssd/zliu/phase3/test_res/031-20260619_105814-p9016_confidence_boost_pairs_1m/outputs/p9016_pcgamma1_confboost_pmax_top0p02_b5_sep0_ieps0p5_noise0_seed17/p9016_full.manifest.tsv	/mnt/ssd/zliu/phase3/test_res/031-20260619_105814-p9016_confidence_boost_pairs_1m/summary.tsv
031-20260619_105814-p9016_confidence_boost_pairs_1m	p9016_pcgamma1_confboost_pmax_margin_top0p01_b2_sep0_ieps0p5_noise0_seed17	OK	0	approved_p9016_pairs_unverified	0.316037	0.556642	0.457676	0.526563	0.751412	raw_pairs	P9016	0	0	0	off	NA	/mnt/ssd/zliu/phase3/test_res/031-20260619_105814-p9016_confidence_boost_pairs_1m/outputs/p9016_pcgamma1_confboost_pmax_margin_top0p01_b2_sep0_ieps0p5_noise0_seed17/p9016_full.manifest.tsv	/mnt/ssd/zliu/phase3/test_res/031-20260619_105814-p9016_confidence_boost_pairs_1m/summary.tsv
031-20260619_105814-p9016_confidence_boost_pairs_1m	p9016_pcgamma1_confboost_pmax_margin_top0p01_b5_sep0_ieps0p5_noise0_seed17	OK	0	approved_p9016_pairs_unverified	0.313543	0.557006	0.456864	0.51818	0.753231	raw_pairs	P9016	0	0	0	off	NA	/mnt/ssd/zliu/phase3/test_res/031-20260619_105814-p9016_confidence_boost_pairs_1m/outputs/p9016_pcgamma1_confboost_pmax_margin_top0p01_b5_sep0_ieps0p5_noise0_seed17/p9016_full.manifest.tsv	/mnt/ssd/zliu/phase3/test_res/031-20260619_105814-p9016_confidence_boost_pairs_1m/summary.tsv
031-20260619_105814-p9016_confidence_boost_pairs_1m	p9016_pcgamma1_confboost_pmax_top0p05_b2_sep0_ieps0p5_noise0_seed17	OK	0	approved_p9016_pairs_unverified	0.311008	0.548115	0.450588	0.516541	0.755258	raw_pairs	P9016	0	0	0	off	NA	/mnt/ssd/zliu/phase3/test_res/031-20260619_105814-p9016_confidence_boost_pairs_1m/outputs/p9016_pcgamma1_confboost_pmax_top0p05_b2_sep0_ieps0p5_noise0_seed17/p9016_full.manifest.tsv	/mnt/ssd/zliu/phase3/test_res/031-20260619_105814-p9016_confidence_boost_pairs_1m/summary.tsv
016-20260618_150851-p9016_charm_contacts_condition_sweep_1m	p9016_charm3dg20k_2pr_random_diploid_pcgamma1_sep_off	OK	0	input_contact_source=charm3dg_derived_pairs;uses_charm_or_reference=1;uses_charm_for_training=1	0.309304	0.295379	0.297211	0.504554	0.113701	charm3dg_derived_pairs	P9016	0	1	1	NA	NA	/mnt/ssd/zliu/phase3/test_res/016-20260618_150851-p9016_charm_contacts_condition_sweep_1m/outputs/2pr/p9016_charm3dg20k_2pr_random_diploid_pcgamma1_sep_off/p9016_full.manifest.tsv	/mnt/ssd/zliu/phase3/test_res/016-20260618_150851-p9016_charm_contacts_condition_sweep_1m/summary.tsv
031-20260619_105814-p9016_confidence_boost_pairs_1m	p9016_pcgamma1_confboost_pmax_margin_top0p02_b5_sep0_ieps0p5_noise0_seed17	OK	0	approved_p9016_pairs_unverified	0.308702	0.546625	0.448762	0.521424	0.756678	raw_pairs	P9016	0	0	0	off	NA	/mnt/ssd/zliu/phase3/test_res/031-20260619_105814-p9016_confidence_boost_pairs_1m/outputs/p9016_pcgamma1_confboost_pmax_margin_top0p02_b5_sep0_ieps0p5_noise0_seed17/p9016_full.manifest.tsv	/mnt/ssd/zliu/phase3/test_res/031-20260619_105814-p9016_confidence_boost_pairs_1m/summary.tsv
031-20260619_105814-p9016_confidence_boost_pairs_1m	p9016_pcgamma1_confboost_pmax_margin_top0p05_b2_msep1_lsep1_ieps0p5_noise0_seed17	OK	0	approved_p9016_pairs_unverified	0.306848	0.537264	0.442488	0.518277	0.73027	raw_pairs	P9016	0	0	0	off	NA	/mnt/ssd/zliu/phase3/test_res/031-20260619_105814-p9016_confidence_boost_pairs_1m/outputs/p9016_pcgamma1_confboost_pmax_margin_top0p05_b2_msep1_lsep1_ieps0p5_noise0_seed17/p9016_full.manifest.tsv	/mnt/ssd/zliu/phase3/test_res/031-20260619_105814-p9016_confidence_boost_pairs_1m/summary.tsv
031-20260619_105814-p9016_confidence_boost_pairs_1m	p9016_pcgamma1_confboost_pmax_margin_entropy_top0p05_b5_sep0_ieps0p5_noise0_seed17	OK	0	approved_p9016_pairs_unverified	0.299235	0.538817	0.440272	0.514207	0.735932	raw_pairs	P9016	0	0	0	off	NA	/mnt/ssd/zliu/phase3/test_res/031-20260619_105814-p9016_confidence_boost_pairs_1m/outputs/p9016_pcgamma1_confboost_pmax_margin_entropy_top0p05_b5_sep0_ieps0p5_noise0_seed17/p9016_full.manifest.tsv	/mnt/ssd/zliu/phase3/test_res/031-20260619_105814-p9016_confidence_boost_pairs_1m/summary.tsv
031-20260619_105814-p9016_confidence_boost_pairs_1m	p9016_pcgamma1_confboost_pmax_margin_top0p02_b5_msep1_lsep1_ieps0p5_noise0_seed17	OK	0	approved_p9016_pairs_unverified	0.298548	0.544922	0.443583	0.510936	0.762145	raw_pairs	P9016	0	0	0	off	NA	/mnt/ssd/zliu/phase3/test_res/031-20260619_105814-p9016_confidence_boost_pairs_1m/outputs/p9016_pcgamma1_confboost_pmax_margin_top0p02_b5_msep1_lsep1_ieps0p5_noise0_seed17/p9016_full.manifest.tsv	/mnt/ssd/zliu/phase3/test_res/031-20260619_105814-p9016_confidence_boost_pairs_1m/summary.tsv
031-20260619_105814-p9016_confidence_boost_pairs_1m	p9016_pcgamma1_confboost_pmax_margin_entropy_top0p02_b5_sep0_ieps0p5_noise0_seed17	OK	0	approved_p9016_pairs_unverified	0.298131	0.539579	0.440266	0.506532	0.760632	raw_pairs	P9016	0	0	0	off	NA	/mnt/ssd/zliu/phase3/test_res/031-20260619_105814-p9016_confidence_boost_pairs_1m/outputs/p9016_pcgamma1_confboost_pmax_margin_entropy_top0p02_b5_sep0_ieps0p5_noise0_seed17/p9016_full.manifest.tsv	/mnt/ssd/zliu/phase3/test_res/031-20260619_105814-p9016_confidence_boost_pairs_1m/summary.tsv
031-20260619_105814-p9016_confidence_boost_pairs_1m	p9016_pcgamma1_confboost_pmax_margin_top0p1_b5_sep0_ieps0p5_noise0_seed17	OK	0	approved_p9016_pairs_unverified	0.295707	0.528761	0.432901	0.513172	0.72688	raw_pairs	P9016	0	0	0	off	NA	/mnt/ssd/zliu/phase3/test_res/031-20260619_105814-p9016_confidence_boost_pairs_1m/outputs/p9016_pcgamma1_confboost_pmax_margin_top0p1_b5_sep0_ieps0p5_noise0_seed17/p9016_full.manifest.tsv	/mnt/ssd/zliu/phase3/test_res/031-20260619_105814-p9016_confidence_boost_pairs_1m/summary.tsv
031-20260619_105814-p9016_confidence_boost_pairs_1m	p9016_pcgamma1_confboost_pmax_margin_top0p1_b2_msep1_lsep1_ieps0p5_noise0_seed17	OK	0	approved_p9016_pairs_unverified	0.294082	0.53394	0.435281	0.500247	0.722743	raw_pairs	P9016	0	0	0	off	NA	/mnt/ssd/zliu/phase3/test_res/031-20260619_105814-p9016_confidence_boost_pairs_1m/outputs/p9016_pcgamma1_confboost_pmax_margin_top0p1_b2_msep1_lsep1_ieps0p5_noise0_seed17/p9016_full.manifest.tsv	/mnt/ssd/zliu/phase3/test_res/031-20260619_105814-p9016_confidence_boost_pairs_1m/summary.tsv
031-20260619_105814-p9016_confidence_boost_pairs_1m	p9016_pcgamma1_confboost_pmax_margin_top0p05_b5_sep0_ieps0p5_noise0_seed17	OK	0	approved_p9016_pairs_unverified	0.294054	0.531479	0.433821	0.510936	0.73203	raw_pairs	P9016	0	0	0	off	NA	/mnt/ssd/zliu/phase3/test_res/031-20260619_105814-p9016_confidence_boost_pairs_1m/outputs/p9016_pcgamma1_confboost_pmax_margin_top0p05_b5_sep0_ieps0p5_noise0_seed17/p9016_full.manifest.tsv	/mnt/ssd/zliu/phase3/test_res/031-20260619_105814-p9016_confidence_boost_pairs_1m/summary.tsv
031-20260619_105814-p9016_confidence_boost_pairs_1m	p9016_pcgamma1_confboost_pmax_margin_top0p05_b2_sep0_ieps0p5_noise0_seed17	OK	0	approved_p9016_pairs_unverified	0.291956	0.543854	0.440243	0.502365	0.739751	raw_pairs	P9016	0	0	0	off	NA	/mnt/ssd/zliu/phase3/test_res/031-20260619_105814-p9016_confidence_boost_pairs_1m/outputs/p9016_pcgamma1_confboost_pmax_margin_top0p05_b2_sep0_ieps0p5_noise0_seed17/p9016_full.manifest.tsv	/mnt/ssd/zliu/phase3/test_res/031-20260619_105814-p9016_confidence_boost_pairs_1m/summary.tsv
031-20260619_105814-p9016_confidence_boost_pairs_1m	p9016_pcgamma1_confboost_pmax_margin_top0p05_b5_msep1_lsep1_ieps0p5_noise0_seed17	OK	0	approved_p9016_pairs_unverified	0.291477	0.540797	0.438246	0.501733	0.743593	raw_pairs	P9016	0	0	0	off	NA	/mnt/ssd/zliu/phase3/test_res/031-20260619_105814-p9016_confidence_boost_pairs_1m/outputs/p9016_pcgamma1_confboost_pmax_margin_top0p05_b5_msep1_lsep1_ieps0p5_noise0_seed17/p9016_full.manifest.tsv	/mnt/ssd/zliu/phase3/test_res/031-20260619_105814-p9016_confidence_boost_pairs_1m/summary.tsv
031-20260619_105814-p9016_confidence_boost_pairs_1m	p9016_pcgamma1_confboost_pmax_margin_top0p1_b2_sep0_ieps0p5_noise0_seed17	OK	0	approved_p9016_pairs_unverified	0.29063	0.529737	0.431387	0.497163	0.704715	raw_pairs	P9016	0	0	0	off	NA	/mnt/ssd/zliu/phase3/test_res/031-20260619_105814-p9016_confidence_boost_pairs_1m/outputs/p9016_pcgamma1_confboost_pmax_margin_top0p1_b2_sep0_ieps0p5_noise0_seed17/p9016_full.manifest.tsv	/mnt/ssd/zliu/phase3/test_res/031-20260619_105814-p9016_confidence_boost_pairs_1m/summary.tsv
031-20260619_105814-p9016_confidence_boost_pairs_1m	p9016_pcgamma1_confboost_pmax_margin_top0p2_b2_sep0_ieps0p5_noise0_seed17	OK	0	approved_p9016_pairs_unverified	0.289164	0.513081	0.420979	0.517951	0.759403	raw_pairs	P9016	0	0	0	off	NA	/mnt/ssd/zliu/phase3/test_res/031-20260619_105814-p9016_confidence_boost_pairs_1m/outputs/p9016_pcgamma1_confboost_pmax_margin_top0p2_b2_sep0_ieps0p5_noise0_seed17/p9016_full.manifest.tsv	/mnt/ssd/zliu/phase3/test_res/031-20260619_105814-p9016_confidence_boost_pairs_1m/summary.tsv
027-20260619_034240-p9016_contacts_seg_source_sweep_1m_fast20	p9016_seg_all_pcgamma1_ieps0p5_noise0_seed17	OK	0	approved_p9016_pairs_unverified	0.282582	0.52912	0.450147	0.49392	0.789421	raw_pairs	P9016	0	0	0	NA	NA	/mnt/ssd/zliu/phase3/test_res/027-20260619_034240-p9016_contacts_seg_source_sweep_1m_fast20/outputs/p9016_seg_all_pcgamma1_ieps0p5_noise0_seed17/p9016_full.manifest.tsv	/mnt/ssd/zliu/phase3/test_res/027-20260619_034240-p9016_contacts_seg_source_sweep_1m_fast20/summary.tsv
027-20260619_034240-p9016_contacts_seg_source_sweep_1m_fast20	p9016_seg_multiseg_pcgamma1_ieps0p5_noise0_seed17	OK	0	approved_p9016_pairs_unverified	0.280611	0.514744	0.447867	0.529227	0.787611	raw_pairs	P9016	0	0	0	NA	NA	/mnt/ssd/zliu/phase3/test_res/027-20260619_034240-p9016_contacts_seg_source_sweep_1m_fast20/outputs/p9016_seg_multiseg_pcgamma1_ieps0p5_noise0_seed17/p9016_full.manifest.tsv	/mnt/ssd/zliu/phase3/test_res/027-20260619_034240-p9016_contacts_seg_source_sweep_1m_fast20/summary.tsv
027-20260619_030956-p9016_contacts_seg_source_sweep_1m	p9016_seg_multiseg_pcgamma1_ieps0p5_noise0_seed17	OK	0	approved_p9016_pairs_unverified	0.266229	0.521484	0.448574	0.477873	0.792498	raw_pairs	P9016	0	0	0	NA	NA	/mnt/ssd/zliu/phase3/test_res/027-20260619_030956-p9016_contacts_seg_source_sweep_1m/outputs/p9016_seg_multiseg_pcgamma1_ieps0p5_noise0_seed17/p9016_full.manifest.tsv	/mnt/ssd/zliu/phase3/test_res/027-20260619_030956-p9016_contacts_seg_source_sweep_1m/summary.tsv
016-20260618_150851-p9016_charm_contacts_condition_sweep_1m	p9016_charm3dg20k_2pr_random_haploid_pcgamma1_sep_off	OK	0	input_contact_source=charm3dg_derived_pairs;uses_charm_or_reference=1;uses_charm_for_training=1	0.26599	0.326371	0.318423	0.497403	0.180361	charm3dg_derived_pairs	P9016	0	1	1	NA	NA	/mnt/ssd/zliu/phase3/test_res/016-20260618_150851-p9016_charm_contacts_condition_sweep_1m/outputs/2pr/p9016_charm3dg20k_2pr_random_haploid_pcgamma1_sep_off/p9016_full.manifest.tsv	/mnt/ssd/zliu/phase3/test_res/016-20260618_150851-p9016_charm_contacts_condition_sweep_1m/summary.tsv
016-20260618_150851-p9016_charm_contacts_condition_sweep_1m	p9016_charm3dg20k_1pr_random_haploid_pcgamma1_sep_off	OK	0	input_contact_source=charm3dg_derived_pairs;uses_charm_or_reference=1;uses_charm_for_training=1	0.265648	0.345801	0.336064	0.507587	0.204433	charm3dg_derived_pairs	P9016	0	1	1	NA	NA	/mnt/ssd/zliu/phase3/test_res/016-20260618_150851-p9016_charm_contacts_condition_sweep_1m/outputs/1pr/p9016_charm3dg20k_1pr_random_haploid_pcgamma1_sep_off/p9016_full.manifest.tsv	/mnt/ssd/zliu/phase3/test_res/016-20260618_150851-p9016_charm_contacts_condition_sweep_1m/summary.tsv
016-20260618_150851-p9016_charm_contacts_condition_sweep_1m	p9016_charm3dg20k_1pr_random_diploid_pcgamma1_sep_off	OK	0	input_contact_source=charm3dg_derived_pairs;uses_charm_or_reference=1;uses_charm_for_training=1	0.254419	0.291835	0.28729	0.484371	0.123741	charm3dg_derived_pairs	P9016	0	1	1	NA	NA	/mnt/ssd/zliu/phase3/test_res/016-20260618_150851-p9016_charm_contacts_condition_sweep_1m/outputs/1pr/p9016_charm3dg20k_1pr_random_diploid_pcgamma1_sep_off/p9016_full.manifest.tsv	/mnt/ssd/zliu/phase3/test_res/016-20260618_150851-p9016_charm_contacts_condition_sweep_1m/summary.tsv
027-20260619_030956-p9016_contacts_seg_source_sweep_1m	p9016_seg_multichrom_pcgamma1_ieps0p5_noise0_seed17	OK	0	approved_p9016_pairs_unverified	0.254006	nan	0.254006	0.502623	0.603643	raw_pairs	P9016	0	0	0	NA	NA	/mnt/ssd/zliu/phase3/test_res/027-20260619_030956-p9016_contacts_seg_source_sweep_1m/outputs/p9016_seg_multichrom_pcgamma1_ieps0p5_noise0_seed17/p9016_full.manifest.tsv	/mnt/ssd/zliu/phase3/test_res/027-20260619_030956-p9016_contacts_seg_source_sweep_1m/summary.tsv
027-20260619_034240-p9016_contacts_seg_source_sweep_1m_fast20	p9016_seg_multichrom_pcgamma1_ieps0p5_noise0_seed17	OK	0	approved_p9016_pairs_unverified	0.252508	nan	0.252508	0.503621	0.684903	raw_pairs	P9016	0	0	0	NA	NA	/mnt/ssd/zliu/phase3/test_res/027-20260619_034240-p9016_contacts_seg_source_sweep_1m_fast20/outputs/p9016_seg_multichrom_pcgamma1_ieps0p5_noise0_seed17/p9016_full.manifest.tsv	/mnt/ssd/zliu/phase3/test_res/027-20260619_034240-p9016_contacts_seg_source_sweep_1m_fast20/summary.tsv
029-20260619_061138-p9016_readgroup_joint_marginal_1m	p9016_seg_multiseg_multichrom_readgroup_joint_pcgamma1_ieps0p5_noise0_seed17	OK	0	input_contact_source=contacts_seg_derived_pairs;readgroup_mode=joint_marginal	0.250306	nan	0.250306	0.503516	0.279528	contacts_seg_derived_pairs	P9016	0	0	0	joint_marginal	NA	/mnt/ssd/zliu/phase3/test_res/029-20260619_061138-p9016_readgroup_joint_marginal_1m/outputs/p9016_seg_multiseg_multichrom_readgroup_joint_pcgamma1_ieps0p5_noise0_seed17/p9016_full.manifest.tsv	/mnt/ssd/zliu/phase3/test_res/029-20260619_061138-p9016_readgroup_joint_marginal_1m/summary.tsv
027-20260619_030956-p9016_contacts_seg_source_sweep_1m	p9016_seg_multiseg_multichrom_pcgamma1_ieps0p5_noise0_seed17	OK	0	approved_p9016_pairs_unverified	0.247202	nan	0.247202	0.489408	0.616479	raw_pairs	P9016	0	0	0	NA	NA	/mnt/ssd/zliu/phase3/test_res/027-20260619_030956-p9016_contacts_seg_source_sweep_1m/outputs/p9016_seg_multiseg_multichrom_pcgamma1_ieps0p5_noise0_seed17/p9016_full.manifest.tsv	/mnt/ssd/zliu/phase3/test_res/027-20260619_030956-p9016_contacts_seg_source_sweep_1m/summary.tsv
027-20260619_034240-p9016_contacts_seg_source_sweep_1m_fast20	p9016_seg_multiseg_multichrom_pcgamma1_ieps0p5_noise0_seed17	OK	0	approved_p9016_pairs_unverified	0.247202	nan	0.247202	0.486649	0.653222	raw_pairs	P9016	0	0	0	NA	NA	/mnt/ssd/zliu/phase3/test_res/027-20260619_034240-p9016_contacts_seg_source_sweep_1m_fast20/outputs/p9016_seg_multiseg_multichrom_pcgamma1_ieps0p5_noise0_seed17/p9016_full.manifest.tsv	/mnt/ssd/zliu/phase3/test_res/027-20260619_034240-p9016_contacts_seg_source_sweep_1m_fast20/summary.tsv
029-20260619_061138-p9016_readgroup_joint_marginal_1m	p9016_seg_multiseg_multichrom_pairwise_pcgamma1_ieps0p5_noise0_seed17	OK	0	input_contact_source=contacts_seg_derived_pairs	0.247202	nan	0.247202	0.489408	0.616479	contacts_seg_derived_pairs	P9016	0	0	0	off	NA	/mnt/ssd/zliu/phase3/test_res/029-20260619_061138-p9016_readgroup_joint_marginal_1m/outputs/p9016_seg_multiseg_multichrom_pairwise_pcgamma1_ieps0p5_noise0_seed17/p9016_full.manifest.tsv	/mnt/ssd/zliu/phase3/test_res/029-20260619_061138-p9016_readgroup_joint_marginal_1m/summary.tsv
