config_name	score_name	target_called_fraction	actual_called_contacts	actual_called_fraction	score_threshold	top1_accuracy	top1_recall	same_cross_accuracy	same_cross_recall	baseline_top1_accuracy	baseline_same_cross_accuracy	delta_top1_vs_all_trans	eval_only_uses_phase_labels_for_scoring	call_score_uses_phase_labels	call_score_uses_charm_or_reference
p9016_pcgamma1_msep1_lsep0p5_copytrack0p03_prior0p5_power4_warmup10	pmax	0.01	1453	0.0100918897	1	0.345492085	0.00348666801	0.529938059	0.00534807643	0.317870215	0.529306764	0.02762187	1	0	0
p9016_pcgamma1_msep1_lsep0p5_copytrack0p03_prior0p5_power4_warmup10	pmax	0.02	2886	0.0200448683	0.999999881	0.408177408	0.00818186238	0.547817048	0.0109809206	0.317870215	0.529306764	0.0903071928	1	0	0
p9016_pcgamma1_msep1_lsep0p5_copytrack0p03_prior0p5_power4_warmup10	pmax	0.05	7200	0.0500079874	0.999997735	0.475833333	0.0237954673	0.616527778	0.0308313133	0.317870215	0.529306764	0.157963118	1	0	0
p9016_pcgamma1_msep1_lsep0p5_copytrack0p03_prior0p5_power4_warmup10	pmax	0.1	14400	0.100015975	0.999924421	0.472291667	0.0472367114	0.619583333	0.061968231	0.317870215	0.529306764	0.154421451	1	0	0
p9016_pcgamma1_msep1_lsep0p5_copytrack0p03_prior0p5_power4_warmup10	pmax	0.2	28796	0.200004167	0.996558368	0.439019308	0.0878056912	0.595742464	0.119150976	0.317870215	0.529306764	0.121149093	1	0	0
p9016_pcgamma1_msep1_lsep0p5_copytrack0p03_prior0p5_power4_warmup10	pmax	0.3	43194	0.300006251	0.989017844	0.400449136	0.120137244	0.575635505	0.17269425	0.317870215	0.529306764	0.0825789211	1	0	0
p9016_pcgamma1_msep1_lsep0p5_copytrack0p03_prior0p5_power4_warmup10	pmax	0.5	71989	0.500003473	0.966057897	0.361263526	0.180633018	0.555682118	0.277842989	0.317870215	0.529306764	0.043393311	1	0	0
p9016_pcgamma1_msep1_lsep0p5_copytrack0p03_prior0p5_power4_warmup10	pmax	0.75	107984	0.750008682	0.906643867	0.336447992	0.252338915	0.540626389	0.405474486	0.317870215	0.529306764	0.0185777769	1	0	0
p9016_pcgamma1_msep1_lsep0p5_copytrack0p03_prior0p5_power4_warmup10	pmax	1	143977	1	0.284714371	0.317870215	0.317870215	0.529306764	0.529306764	0.317870215	0.529306764	0	1	0	0
p9016_pcgamma1_msep1_lsep0p5_copytrack0p03_prior0p5_power4_warmup10	margin	0.01	1461	0.0101474541	0.999999991	0.421629021	0.00427846114	0.514715948	0.00522305646	0.317870215	0.529306764	0.103758806	1	0	0
p9016_pcgamma1_msep1_lsep0p5_copytrack0p03_prior0p5_power4_warmup10	margin	0.02	2886	0.0200448683	0.999999818	0.416146916	0.00834161012	0.546777547	0.0109600839	0.317870215	0.529306764	0.0982767008	1	0	0
p9016_pcgamma1_msep1_lsep0p5_copytrack0p03_prior0p5_power4_warmup10	margin	0.05	7209	0.0500704974	0.999995757	0.472187543	0.0236426651	0.612567624	0.0306715656	0.317870215	0.529306764	0.154317328	1	0	0
p9016_pcgamma1_msep1_lsep0p5_copytrack0p03_prior0p5_power4_warmup10	margin	0.1	14398	0.100002084	0.999860883	0.471662731	0.0471672559	0.620294485	0.062030741	0.317870215	0.529306764	0.153792516	1	0	0
p9016_pcgamma1_msep1_lsep0p5_copytrack0p03_prior0p5_power4_warmup10	margin	0.2	28796	0.200004167	0.994068069	0.437526045	0.0875070324	0.595811918	0.119164867	0.317870215	0.529306764	0.11965583	1	0	0
p9016_pcgamma1_msep1_lsep0p5_copytrack0p03_prior0p5_power4_warmup10	margin	0.3	43194	0.300006251	0.981226596	0.399291568	0.119789966	0.575473445	0.172645631	0.317870215	0.529306764	0.0814213529	1	0	0
p9016_pcgamma1_msep1_lsep0p5_copytrack0p03_prior0p5_power4_warmup10	margin	0.5	71989	0.500003473	0.941767744	0.360499521	0.180251012	0.555334843	0.27766935	0.317870215	0.529306764	0.0426293054	1	0	0
p9016_pcgamma1_msep1_lsep0p5_copytrack0p03_prior0p5_power4_warmup10	margin	0.75	107983	0.750001736	0.83718796	0.335923247	0.251943019	0.540131317	0.405099426	0.317870215	0.529306764	0.0180530318	1	0	0
p9016_pcgamma1_msep1_lsep0p5_copytrack0p03_prior0p5_power4_warmup10	margin	1	143977	1	0.000114679	0.317870215	0.317870215	0.529306764	0.529306764	0.317870215	0.529306764	0	1	0	0
p9016_pcgamma1_msep1_lsep0p5_copytrack0p03_prior0p5_power4_warmup10	neg_entropy	0.01	1447	0.0100502164	-1.90716438e-07	0.416033172	0.00418122339	0.513476158	0.00516054648	0.317870215	0.529306764	0.0981629567	1	0	0
p9016_pcgamma1_msep1_lsep0p5_copytrack0p03_prior0p5_power4_warmup10	neg_entropy	0.02	2888	0.0200587594	-1.40777988e-06	0.421052632	0.00844579343	0.551592798	0.0110642672	0.317870215	0.529306764	0.103182416	1	0	0
p9016_pcgamma1_msep1_lsep0p5_copytrack0p03_prior0p5_power4_warmup10	neg_entropy	0.05	7201	0.0500149329	-3.23058275e-05	0.474378559	0.0237260118	0.616025552	0.0308104767	0.317870215	0.529306764	0.156508343	1	0	0
p9016_pcgamma1_msep1_lsep0p5_copytrack0p03_prior0p5_power4_warmup10	neg_entropy	0.1	14400	0.100015975	-0.000811515502	0.473819444	0.0473895136	0.620833333	0.062093251	0.317870215	0.529306764	0.155949229	1	0	0
p9016_pcgamma1_msep1_lsep0p5_copytrack0p03_prior0p5_power4_warmup10	neg_entropy	0.2	28796	0.200004167	-0.0248948206	0.439852757	0.0879723845	0.596437005	0.119289887	0.317870215	0.529306764	0.121982542	1	0	0
p9016_pcgamma1_msep1_lsep0p5_copytrack0p03_prior0p5_power4_warmup10	neg_entropy	0.3	43195	0.300013197	-0.0671036078	0.401643709	0.120498413	0.576270402	0.172888725	0.317870215	0.529306764	0.0837734934	1	0	0
p9016_pcgamma1_msep1_lsep0p5_copytrack0p03_prior0p5_power4_warmup10	neg_entropy	0.5	71989	0.500003473	-0.16810083	0.361624693	0.180813602	0.555959938	0.2779819	0.317870215	0.529306764	0.0437544773	1	0	0
p9016_pcgamma1_msep1_lsep0p5_copytrack0p03_prior0p5_power4_warmup10	neg_entropy	0.75	107983	0.750001736	-0.362319419	0.336904883	0.252679247	0.540955521	0.40571758	0.317870215	0.529306764	0.0190346678	1	0	0
p9016_pcgamma1_msep1_lsep0p5_copytrack0p03_prior0p5_power4_warmup10	neg_entropy	1	143977	1	-1.38281272	0.317870215	0.317870215	0.529306764	0.529306764	0.317870215	0.529306764	0	1	0	0
p9016_pcgamma1_msep1_lsep0p5_copytrack0p03_prior0p5_power4_warmup10	distance_gap	0.01	1441	0.010008543	3.96864648	0.272727273	0.00272960264	0.479528105	0.00479937768	0.317870215	0.529306764	-0.0451429427	1	0	0
p9016_pcgamma1_msep1_lsep0p5_copytrack0p03_prior0p5_power4_warmup10	distance_gap	0.02	2880	0.020003195	3.71266535	0.313888889	0.00627878064	0.497569444	0.0099529786	0.317870215	0.529306764	-0.00398132649	1	0	0
p9016_pcgamma1_msep1_lsep0p5_copytrack0p03_prior0p5_power4_warmup10	distance_gap	0.05	7201	0.0500149329	3.28713639	0.369948618	0.0185029553	0.56089432	0.0280530918	0.317870215	0.529306764	0.0520784029	1	0	0
p9016_pcgamma1_msep1_lsep0p5_copytrack0p03_prior0p5_power4_warmup10	distance_gap	0.1	14398	0.100002084	2.92177186	0.378663703	0.0378671593	0.575288234	0.0575300222	0.317870215	0.529306764	0.0607934879	1	0	0
p9016_pcgamma1_msep1_lsep0p5_copytrack0p03_prior0p5_power4_warmup10	distance_gap	0.2	28796	0.200004167	2.45366566	0.373732463	0.07474805	0.567127379	0.113427839	0.317870215	0.529306764	0.0558622475	1	0	0
p9016_pcgamma1_msep1_lsep0p5_copytrack0p03_prior0p5_power4_warmup10	distance_gap	0.3	43194	0.300006251	2.09892176	0.370167153	0.11105246	0.563990369	0.169200636	0.317870215	0.529306764	0.0522969375	1	0	0
p9016_pcgamma1_msep1_lsep0p5_copytrack0p03_prior0p5_power4_warmup10	distance_gap	0.5	71989	0.500003473	1.50007707	0.354401367	0.177201914	0.551153648	0.275578738	0.317870215	0.529306764	0.0365311515	1	0	0
p9016_pcgamma1_msep1_lsep0p5_copytrack0p03_prior0p5_power4_warmup10	distance_gap	0.75	107983	0.750001736	0.792413591	0.335062001	0.251297082	0.538482909	0.403863117	0.317870215	0.529306764	0.0171917851	1	0	0
p9016_pcgamma1_msep1_lsep0p5_copytrack0p03_prior0p5_power4_warmup10	distance_gap	1	143977	1	3.90719686e-06	0.317870215	0.317870215	0.529306764	0.529306764	0.317870215	0.529306764	0	1	0	0
p9016_pcgamma1_msep1_lsep0p5_copytrack0p03_prior0p5_power4_warmup10	posterior_nearest_agreement_gap	0.01	1441	0.010008543	3.96864648	0.272727273	0.00272960264	0.479528105	0.00479937768	0.317870215	0.529306764	-0.0451429427	1	0	0
p9016_pcgamma1_msep1_lsep0p5_copytrack0p03_prior0p5_power4_warmup10	posterior_nearest_agreement_gap	0.02	2880	0.020003195	3.71266535	0.313888889	0.00627878064	0.497569444	0.0099529786	0.317870215	0.529306764	-0.00398132649	1	0	0
p9016_pcgamma1_msep1_lsep0p5_copytrack0p03_prior0p5_power4_warmup10	posterior_nearest_agreement_gap	0.05	7201	0.0500149329	3.28713639	0.369948618	0.0185029553	0.56089432	0.0280530918	0.317870215	0.529306764	0.0520784029	1	0	0
p9016_pcgamma1_msep1_lsep0p5_copytrack0p03_prior0p5_power4_warmup10	posterior_nearest_agreement_gap	0.1	14398	0.100002084	2.92177186	0.378663703	0.0378671593	0.575288234	0.0575300222	0.317870215	0.529306764	0.0607934879	1	0	0
p9016_pcgamma1_msep1_lsep0p5_copytrack0p03_prior0p5_power4_warmup10	posterior_nearest_agreement_gap	0.2	28796	0.200004167	2.45366566	0.373732463	0.07474805	0.567127379	0.113427839	0.317870215	0.529306764	0.0558622475	1	0	0
p9016_pcgamma1_msep1_lsep0p5_copytrack0p03_prior0p5_power4_warmup10	posterior_nearest_agreement_gap	0.3	43194	0.300006251	2.09892176	0.370167153	0.11105246	0.563990369	0.169200636	0.317870215	0.529306764	0.0522969375	1	0	0
p9016_pcgamma1_msep1_lsep0p5_copytrack0p03_prior0p5_power4_warmup10	posterior_nearest_agreement_gap	0.5	71989	0.500003473	1.49946888	0.354456931	0.177229696	0.551139757	0.275571793	0.317870215	0.529306764	0.0365867155	1	0	0
p9016_pcgamma1_msep1_lsep0p5_copytrack0p03_prior0p5_power4_warmup10	posterior_nearest_agreement_gap	0.75	107983	0.750001736	0.761054933	0.335330561	0.251498503	0.538982988	0.404238177	0.317870215	0.529306764	0.0174603459	1	0	0
p9016_pcgamma1_msep1_lsep0p5_copytrack0p03_prior0p5_power4_warmup10	posterior_nearest_agreement_gap	1	143977	1	-1.96005546	0.317870215	0.317870215	0.529306764	0.529306764	0.317870215	0.529306764	0	1	0	0
p9016_pcgamma1_msep1_lsep0p5_copytrack0p03_prior0p5_power4_warmup10	n_raw	0.01	1458	0.0101266174	51	0.403292181	0.00408398564	0.55829904	0.0056536808	0.317870215	0.529306764	0.0854219657	1	0	0
p9016_pcgamma1_msep1_lsep0p5_copytrack0p03_prior0p5_power4_warmup10	n_raw	0.02	2897	0.0201212694	43	0.415257163	0.00835550123	0.535381429	0.0107725539	0.317870215	0.529306764	0.0973869472	1	0	0
p9016_pcgamma1_msep1_lsep0p5_copytrack0p03_prior0p5_power4_warmup10	n_raw	0.05	7205	0.0500427152	28	0.450798057	0.0225591588	0.599861207	0.0300186835	0.317870215	0.529306764	0.132927842	1	0	0
p9016_pcgamma1_msep1_lsep0p5_copytrack0p03_prior0p5_power4_warmup10	n_raw	0.1	14403	0.100036811	15	0.464417135	0.0464588094	0.609872943	0.0610097446	0.317870215	0.529306764	0.14654692	1	0	0
p9016_pcgamma1_msep1_lsep0p5_copytrack0p03_prior0p5_power4_warmup10	n_raw	0.2	28796	0.200004167	3	0.442179469	0.0884377366	0.592964301	0.118595331	0.317870215	0.529306764	0.124309254	1	0	0
p9016_pcgamma1_msep1_lsep0p5_copytrack0p03_prior0p5_power4_warmup10	n_raw	0.3	43194	0.300006251	2	0.394638144	0.11839391	0.569569848	0.170874515	0.317870215	0.529306764	0.0767679288	1	0	0
p9016_pcgamma1_msep1_lsep0p5_copytrack0p03_prior0p5_power4_warmup10	n_raw	0.5	71989	0.500003473	1	0.354345803	0.177174132	0.54568059	0.27284219	0.317870215	0.529306764	0.0364755874	1	0	0
p9016_pcgamma1_msep1_lsep0p5_copytrack0p03_prior0p5_power4_warmup10	n_raw	0.75	107983	0.750001736	1	0.329838956	0.24737979	0.536158469	0.402119783	0.317870215	0.529306764	0.0119687408	1	0	0
p9016_pcgamma1_msep1_lsep0p5_copytrack0p03_prior0p5_power4_warmup10	n_raw	1	143977	1	1	0.317870215	0.317870215	0.529306764	0.529306764	0.317870215	0.529306764	0	1	0	0
